ITEM_CODE,CURRENT_LEAD_TIME_DAYS,OPTIMIZED_LEAD_TIME_DAYS,TIME_SAVINGS_DAYS,EFFICIENCY_GAIN_PCT,TOTAL_PROCESSES,PARALLELIZABLE_PROCESSES,PARALLELIZATION_FEASIBILITY,BOTTLENECK_PROCESSES,MACHINES_NEEDED,AVAILABLE_MACHINES,MACHINE_UTILIZATION_STRATEGY,PRODUCTION_PRIORITY,STOCK_STATUS,SHORTAGE_QUANTITY,OPTIMIZED_ROUTE_DESCRIPTION,ROUTE_PHASES,CRITICAL_PATH,RECOMMENDED_SEQUENCE,COST_SAVINGS_POTENTIAL,CUSTOMER_IMPACT,IMPLEMENTATION_COMPLEXITY,IMMEDIATE_ACTIONS,RECOMMENDED_START_DATE,TARGET_COMPLETION_DATE
1HC0027512P0001,30.0,30.0,0.0,0.0,1,0,HIGH,DEFAULT(30.0d),0,1,Parallel,CRITICAL,Out of Stock,416.0,Full Parallel Processing,Phase 1: 0 processes in parallel | Phase 2: Final assembly,Longest parallel process + assembly time,Start all parallelizable processes simultaneously → Final integration,$0,High,HIGH,START PRODUCTION IMMEDIATELY | Implement parallel processing | Address 416.0 unit shortage,2025-07-21,2025-08-20
1HC0027512P0001-UPACZ,30.0,30.0,0.0,0.0,1,0,HIGH,DEFAULT(30.0d),0,1,Parallel,CRITICAL,Out of Stock,42.0,Full Parallel Processing,Phase 1: 0 processes in parallel | Phase 2: Final assembly,Longest parallel process + assembly time,Start all parallelizable processes simultaneously → Final integration,$0,High,HIGH,START PRODUCTION IMMEDIATELY | Implement parallel processing | Address 42.0 unit shortage,2025-07-21,2025-08-20
1HSB445422-B_R0E,30.0,30.0,0.0,0.0,1,0,HIGH,DEFAULT(30.0d),0,1,Parallel,CRITICAL,Out of Stock,853.0,Full Parallel Processing,Phase 1: 0 processes in parallel | Phase 2: Final assembly,Longest parallel process + assembly time,Start all parallelizable processes simultaneously → Final integration,$0,High,HIGH,START PRODUCTION IMMEDIATELY | Implement parallel processing | Address 853.0 unit shortage,2025-07-21,2025-08-20
2GHV008286P0001_R0B,30.0,30.0,0.0,0.0,1,0,HIGH,DEFAULT(30.0d),0,1,Parallel,CRITICAL,Out of Stock,175.0,Full Parallel Processing,Phase 1: 0 processes in parallel | Phase 2: Final assembly,Longest parallel process + assembly time,Start all parallelizable processes simultaneously → Final integration,$0,High,HIGH,START PRODUCTION IMMEDIATELY | Implement parallel processing | Address 175.0 unit shortage,2025-07-21,2025-08-20
ABB402,30.0,30.0,0.0,0.0,1,0,HIGH,DEFAULT(30.0d),0,1,Parallel,CRITICAL,Out of Stock,4.0,Full Parallel Processing,Phase 1: 0 processes in parallel | Phase 2: Final assembly,Longest parallel process + assembly time,Start all parallelizable processes simultaneously → Final integration,$0,High,HIGH,START PRODUCTION IMMEDIATELY | Implement parallel processing | Address 4 unit shortage,2025-07-21,2025-08-20
ABB405,30.0,30.0,0.0,0.0,1,0,HIGH,DEFAULT(30.0d),0,1,Parallel,CRITICAL,Out of Stock,49.0,Full Parallel Processing,Phase 1: 0 processes in parallel | Phase 2: Final assembly,Longest parallel process + assembly time,Start all parallelizable processes simultaneously → Final integration,$0,High,HIGH,START PRODUCTION IMMEDIATELY | Implement parallel processing | Address 49 unit shortage,2025-07-21,2025-08-20
ABB419,30.0,30.0,0.0,0.0,1,0,HIGH,DEFAULT(30.0d),0,1,Parallel,CRITICAL,Out of Stock,77.0,Full Parallel Processing,Phase 1: 0 processes in parallel | Phase 2: Final assembly,Longest parallel process + assembly time,Start all parallelizable processes simultaneously → Final integration,$0,High,HIGH,START PRODUCTION IMMEDIATELY | Implement parallel processing | Address 77 unit shortage,2025-07-21,2025-08-20
ABB436,345.0,345.0,0.0,0.0,23,6,LOW,"MOULD(15.0d), POUR(15.0d), K_D(15.0d)",1,1,Sequential,CRITICAL,Out of Stock,28.0,Optimized Sequential,Phase 1: Critical path processes | Phase 2: Supporting processes | Phase 3: Final assembly,"Bottleneck processes: MOULD(15.0d), POUR(15.0d), K_D(15.0d)",Address bottlenecks first → Supporting processes → Final assembly,$0,High,LOW,START PRODUCTION IMMEDIATELY | Address 28 unit shortage,2025-07-21,2026-07-01
ABB447,30.0,30.0,0.0,0.0,1,0,HIGH,DEFAULT(30.0d),0,1,Parallel,CRITICAL,Out of Stock,63.0,Full Parallel Processing,Phase 1: 0 processes in parallel | Phase 2: Final assembly,Longest parallel process + assembly time,Start all parallelizable processes simultaneously → Final integration,$0,High,HIGH,START PRODUCTION IMMEDIATELY | Implement parallel processing | Address 63 unit shortage,2025-07-21,2025-08-20
ALL005,30.0,30.0,0.0,0.0,1,0,HIGH,DEFAULT(30.0d),0,1,Parallel,CRITICAL,Out of Stock,99.0,Full Parallel Processing,Phase 1: 0 processes in parallel | Phase 2: Final assembly,Longest parallel process + assembly time,Start all parallelizable processes simultaneously → Final integration,$0,High,HIGH,START PRODUCTION IMMEDIATELY | Implement parallel processing | Address 99 unit shortage,2025-07-21,2025-08-20
ARE239,30.0,30.0,0.0,0.0,1,0,HIGH,DEFAULT(30.0d),0,1,Parallel,CRITICAL,Out of Stock,4.0,Full Parallel Processing,Phase 1: 0 processes in parallel | Phase 2: Final assembly,Longest parallel process + assembly time,Start all parallelizable processes simultaneously → Final integration,$0,High,HIGH,START PRODUCTION IMMEDIATELY | Implement parallel processing | Address 4 unit shortage,2025-07-21,2025-08-20
ARE245,30.0,30.0,0.0,0.0,1,0,HIGH,DEFAULT(30.0d),0,1,Parallel,CRITICAL,Out of Stock,51.0,Full Parallel Processing,Phase 1: 0 processes in parallel | Phase 2: Final assembly,Longest parallel process + assembly time,Start all parallelizable processes simultaneously → Final integration,$0,High,HIGH,START PRODUCTION IMMEDIATELY | Implement parallel processing | Address 51 unit shortage,2025-07-21,2025-08-20
ARE246,30.0,30.0,0.0,0.0,1,0,HIGH,DEFAULT(30.0d),0,1,Parallel,CRITICAL,Out of Stock,82.0,Full Parallel Processing,Phase 1: 0 processes in parallel | Phase 2: Final assembly,Longest parallel process + assembly time,Start all parallelizable processes simultaneously → Final integration,$0,High,HIGH,START PRODUCTION IMMEDIATELY | Implement parallel processing | Address 82 unit shortage,2025-07-21,2025-08-20
ARE255,228.0,228.0,0.0,0.0,19,3,LOW,"MOULD(12.0d), POUR(12.0d), K_D(12.0d)",1,1,Sequential,CRITICAL,Out of Stock,7.0,Optimized Sequential,Phase 1: Critical path processes | Phase 2: Supporting processes | Phase 3: Final assembly,"Bottleneck processes: MOULD(12.0d), POUR(12.0d), K_D(12.0d)",Address bottlenecks first → Supporting processes → Final assembly,$0,High,LOW,START PRODUCTION IMMEDIATELY | Address 7 unit shortage,2025-07-21,2026-03-06
ARE257,30.0,30.0,0.0,0.0,1,0,HIGH,DEFAULT(30.0d),0,1,Parallel,CRITICAL,Out of Stock,75.0,Full Parallel Processing,Phase 1: 0 processes in parallel | Phase 2: Final assembly,Longest parallel process + assembly time,Start all parallelizable processes simultaneously → Final integration,$0,High,HIGH,START PRODUCTION IMMEDIATELY | Implement parallel processing | Address 75 unit shortage,2025-07-21,2025-08-20
ARE259,30.0,30.0,0.0,0.0,1,0,HIGH,DEFAULT(30.0d),0,1,Parallel,CRITICAL,Out of Stock,47.0,Full Parallel Processing,Phase 1: 0 processes in parallel | Phase 2: Final assembly,Longest parallel process + assembly time,Start all parallelizable processes simultaneously → Final integration,$0,High,HIGH,START PRODUCTION IMMEDIATELY | Implement parallel processing | Address 47 unit shortage,2025-07-21,2025-08-20
ARE317,30.0,30.0,0.0,0.0,1,0,HIGH,DEFAULT(30.0d),0,1,Parallel,CRITICAL,Out of Stock,91.0,Full Parallel Processing,Phase 1: 0 processes in parallel | Phase 2: Final assembly,Longest parallel process + assembly time,Start all parallelizable processes simultaneously → Final integration,$0,High,HIGH,START PRODUCTION IMMEDIATELY | Implement parallel processing | Address 91 unit shortage,2025-07-21,2025-08-20
ARE327,30.0,30.0,0.0,0.0,1,0,HIGH,DEFAULT(30.0d),0,1,Parallel,CRITICAL,Out of Stock,53.0,Full Parallel Processing,Phase 1: 0 processes in parallel | Phase 2: Final assembly,Longest parallel process + assembly time,Start all parallelizable processes simultaneously → Final integration,$0,High,HIGH,START PRODUCTION IMMEDIATELY | Implement parallel processing | Address 53 unit shortage,2025-07-21,2025-08-20
ARE382,30.0,30.0,0.0,0.0,1,0,HIGH,DEFAULT(30.0d),0,1,Parallel,CRITICAL,Out of Stock,59.0,Full Parallel Processing,Phase 1: 0 processes in parallel | Phase 2: Final assembly,Longest parallel process + assembly time,Start all parallelizable processes simultaneously → Final integration,$0,High,HIGH,START PRODUCTION IMMEDIATELY | Implement parallel processing | Address 59 unit shortage,2025-07-21,2025-08-20
ARE391,30.0,30.0,0.0,0.0,1,0,HIGH,DEFAULT(30.0d),0,1,Parallel,CRITICAL,Out of Stock,4.0,Full Parallel Processing,Phase 1: 0 processes in parallel | Phase 2: Final assembly,Longest parallel process + assembly time,Start all parallelizable processes simultaneously → Final integration,$0,High,HIGH,START PRODUCTION IMMEDIATELY | Implement parallel processing | Address 4 unit shortage,2025-07-21,2025-08-20
ARE418,30.0,30.0,0.0,0.0,1,0,HIGH,DEFAULT(30.0d),0,1,Parallel,CRITICAL,Out of Stock,84.0,Full Parallel Processing,Phase 1: 0 processes in parallel | Phase 2: Final assembly,Longest parallel process + assembly time,Start all parallelizable processes simultaneously → Final integration,$0,High,HIGH,START PRODUCTION IMMEDIATELY | Implement parallel processing | Address 84 unit shortage,2025-07-21,2025-08-20
ARE452,30.0,30.0,0.0,0.0,1,0,HIGH,DEFAULT(30.0d),0,1,Parallel,CRITICAL,Out of Stock,0.0,Full Parallel Processing,Phase 1: 0 processes in parallel | Phase 2: Final assembly,Longest parallel process + assembly time,Start all parallelizable processes simultaneously → Final integration,$0,High,HIGH,START PRODUCTION IMMEDIATELY | Implement parallel processing,2025-07-21,2025-08-20
ARE453,30.0,30.0,0.0,0.0,1,0,HIGH,DEFAULT(30.0d),0,1,Parallel,CRITICAL,Out of Stock,55.0,Full Parallel Processing,Phase 1: 0 processes in parallel | Phase 2: Final assembly,Longest parallel process + assembly time,Start all parallelizable processes simultaneously → Final integration,$0,High,HIGH,START PRODUCTION IMMEDIATELY | Implement parallel processing | Address 55 unit shortage,2025-07-21,2025-08-20
C1B42748110001,30.0,30.0,0.0,0.0,1,0,HIGH,DEFAULT(30.0d),0,1,Parallel,CRITICAL,Out of Stock,2.0,Full Parallel Processing,Phase 1: 0 processes in parallel | Phase 2: Final assembly,Longest parallel process + assembly time,Start all parallelizable processes simultaneously → Final integration,$0,High,HIGH,START PRODUCTION IMMEDIATELY | Implement parallel processing | Address 2.0 unit shortage,2025-07-21,2025-08-20
C1B46827479001_RU0,30.0,30.0,0.0,0.0,1,0,HIGH,DEFAULT(30.0d),0,1,Parallel,CRITICAL,Out of Stock,72.0,Full Parallel Processing,Phase 1: 0 processes in parallel | Phase 2: Final assembly,Longest parallel process + assembly time,Start all parallelizable processes simultaneously → Final integration,$0,High,HIGH,START PRODUCTION IMMEDIATELY | Implement parallel processing | Address 72.0 unit shortage,2025-07-21,2025-08-20
CC01619-001,30.0,30.0,0.0,0.0,1,0,HIGH,DEFAULT(30.0d),0,1,Parallel,CRITICAL,Out of Stock,48.0,Full Parallel Processing,Phase 1: 0 processes in parallel | Phase 2: Final assembly,Longest parallel process + assembly time,Start all parallelizable processes simultaneously → Final integration,$0,High,HIGH,START PRODUCTION IMMEDIATELY | Implement parallel processing | Address 48.0 unit shortage,2025-07-21,2025-08-20
CGP002,30.0,30.0,0.0,0.0,1,0,HIGH,DEFAULT(30.0d),0,1,Parallel,CRITICAL,Out of Stock,44.0,Full Parallel Processing,Phase 1: 0 processes in parallel | Phase 2: Final assembly,Longest parallel process + assembly time,Start all parallelizable processes simultaneously → Final integration,$0,High,HIGH,START PRODUCTION IMMEDIATELY | Implement parallel processing | Address 44 unit shortage,2025-07-21,2025-08-20
CGP004,30.0,30.0,0.0,0.0,1,0,HIGH,DEFAULT(30.0d),0,1,Parallel,CRITICAL,Out of Stock,49.0,Full Parallel Processing,Phase 1: 0 processes in parallel | Phase 2: Final assembly,Longest parallel process + assembly time,Start all parallelizable processes simultaneously → Final integration,$0,High,HIGH,START PRODUCTION IMMEDIATELY | Implement parallel processing | Address 49 unit shortage,2025-07-21,2025-08-20
CGP006,30.0,30.0,0.0,0.0,1,0,HIGH,DEFAULT(30.0d),0,1,Parallel,CRITICAL,Out of Stock,15.0,Full Parallel Processing,Phase 1: 0 processes in parallel | Phase 2: Final assembly,Longest parallel process + assembly time,Start all parallelizable processes simultaneously → Final integration,$0,High,HIGH,START PRODUCTION IMMEDIATELY | Implement parallel processing | Address 15 unit shortage,2025-07-21,2025-08-20
DYB0613303W001,30.0,30.0,0.0,0.0,1,0,HIGH,DEFAULT(30.0d),0,1,Parallel,CRITICAL,Out of Stock,31.0,Full Parallel Processing,Phase 1: 0 processes in parallel | Phase 2: Final assembly,Longest parallel process + assembly time,Start all parallelizable processes simultaneously → Final integration,$0,High,HIGH,START PRODUCTION IMMEDIATELY | Implement parallel processing | Address 31.0 unit shortage,2025-07-21,2025-08-20
DYB0623245W001,30.0,30.0,0.0,0.0,1,0,HIGH,DEFAULT(30.0d),0,1,Parallel,CRITICAL,Out of Stock,68.0,Full Parallel Processing,Phase 1: 0 processes in parallel | Phase 2: Final assembly,Longest parallel process + assembly time,Start all parallelizable processes simultaneously → Final integration,$0,High,HIGH,START PRODUCTION IMMEDIATELY | Implement parallel processing | Address 68.0 unit shortage,2025-07-21,2025-08-20
HAL001,30.0,30.0,0.0,0.0,1,0,HIGH,DEFAULT(30.0d),0,1,Parallel,CRITICAL,Out of Stock,54.0,Full Parallel Processing,Phase 1: 0 processes in parallel | Phase 2: Final assembly,Longest parallel process + assembly time,Start all parallelizable processes simultaneously → Final integration,$0,High,HIGH,START PRODUCTION IMMEDIATELY | Implement parallel processing | Address 54 unit shortage,2025-07-21,2025-08-20
HE70P21Z42161,30.0,30.0,0.0,0.0,1,0,HIGH,DEFAULT(30.0d),0,1,Parallel,CRITICAL,Out of Stock,177.0,Full Parallel Processing,Phase 1: 0 processes in parallel | Phase 2: Final assembly,Longest parallel process + assembly time,Start all parallelizable processes simultaneously → Final integration,$0,High,HIGH,START PRODUCTION IMMEDIATELY | Implement parallel processing | Address 177.0 unit shortage,2025-07-21,2025-08-20
HE70P21Z42162,30.0,30.0,0.0,0.0,1,0,HIGH,DEFAULT(30.0d),0,1,Parallel,CRITICAL,Out of Stock,18.0,Full Parallel Processing,Phase 1: 0 processes in parallel | Phase 2: Final assembly,Longest parallel process + assembly time,Start all parallelizable processes simultaneously → Final integration,$0,High,HIGH,START PRODUCTION IMMEDIATELY | Implement parallel processing | Address 18.0 unit shortage,2025-07-21,2025-08-20
HE70P21Z42171,30.0,30.0,0.0,0.0,1,0,HIGH,DEFAULT(30.0d),0,1,Parallel,CRITICAL,Out of Stock,4.0,Full Parallel Processing,Phase 1: 0 processes in parallel | Phase 2: Final assembly,Longest parallel process + assembly time,Start all parallelizable processes simultaneously → Final integration,$0,High,HIGH,START PRODUCTION IMMEDIATELY | Implement parallel processing | Address 4.0 unit shortage,2025-07-21,2025-08-20
HIT012,30.0,30.0,0.0,0.0,1,0,HIGH,DEFAULT(30.0d),0,1,Parallel,CRITICAL,Out of Stock,50.0,Full Parallel Processing,Phase 1: 0 processes in parallel | Phase 2: Final assembly,Longest parallel process + assembly time,Start all parallelizable processes simultaneously → Final integration,$0,High,HIGH,START PRODUCTION IMMEDIATELY | Implement parallel processing | Address 50 unit shortage,2025-07-21,2025-08-20
HIT013,30.0,30.0,0.0,0.0,1,0,HIGH,DEFAULT(30.0d),0,1,Parallel,CRITICAL,Out of Stock,46.0,Full Parallel Processing,Phase 1: 0 processes in parallel | Phase 2: Final assembly,Longest parallel process + assembly time,Start all parallelizable processes simultaneously → Final integration,$0,High,HIGH,START PRODUCTION IMMEDIATELY | Implement parallel processing | Address 46 unit shortage,2025-07-21,2025-08-20
HRCC0015282103,30.0,30.0,0.0,0.0,1,0,HIGH,DEFAULT(30.0d),0,1,Parallel,CRITICAL,Out of Stock,153.0,Full Parallel Processing,Phase 1: 0 processes in parallel | Phase 2: Final assembly,Longest parallel process + assembly time,Start all parallelizable processes simultaneously → Final integration,$0,High,HIGH,START PRODUCTION IMMEDIATELY | Implement parallel processing | Address 153.0 unit shortage,2025-07-21,2025-08-20
HYO002,30.0,30.0,0.0,0.0,1,0,HIGH,DEFAULT(30.0d),0,1,Parallel,CRITICAL,Out of Stock,18.0,Full Parallel Processing,Phase 1: 0 processes in parallel | Phase 2: Final assembly,Longest parallel process + assembly time,Start all parallelizable processes simultaneously → Final integration,$0,High,HIGH,START PRODUCTION IMMEDIATELY | Implement parallel processing | Address 18 unit shortage,2025-07-21,2025-08-20
HYO014,30.0,30.0,0.0,0.0,1,0,HIGH,DEFAULT(30.0d),0,1,Parallel,CRITICAL,Out of Stock,4.0,Full Parallel Processing,Phase 1: 0 processes in parallel | Phase 2: Final assembly,Longest parallel process + assembly time,Start all parallelizable processes simultaneously → Final integration,$0,High,HIGH,START PRODUCTION IMMEDIATELY | Implement parallel processing | Address 4 unit shortage,2025-07-21,2025-08-20
HYO015,30.0,30.0,0.0,0.0,1,0,HIGH,DEFAULT(30.0d),0,1,Parallel,CRITICAL,Out of Stock,67.0,Full Parallel Processing,Phase 1: 0 processes in parallel | Phase 2: Final assembly,Longest parallel process + assembly time,Start all parallelizable processes simultaneously → Final integration,$0,High,HIGH,START PRODUCTION IMMEDIATELY | Implement parallel processing | Address 67 unit shortage,2025-07-21,2025-08-20
HYO016,30.0,30.0,0.0,0.0,1,0,HIGH,DEFAULT(30.0d),0,1,Parallel,CRITICAL,Out of Stock,8.0,Full Parallel Processing,Phase 1: 0 processes in parallel | Phase 2: Final assembly,Longest parallel process + assembly time,Start all parallelizable processes simultaneously → Final integration,$0,High,HIGH,START PRODUCTION IMMEDIATELY | Implement parallel processing | Address 8 unit shortage,2025-07-21,2025-08-20
HYO028,30.0,30.0,0.0,0.0,1,0,HIGH,DEFAULT(30.0d),0,1,Parallel,CRITICAL,Out of Stock,40.0,Full Parallel Processing,Phase 1: 0 processes in parallel | Phase 2: Final assembly,Longest parallel process + assembly time,Start all parallelizable processes simultaneously → Final integration,$0,High,HIGH,START PRODUCTION IMMEDIATELY | Implement parallel processing | Address 40 unit shortage,2025-07-21,2025-08-20
HYO032,30.0,30.0,0.0,0.0,1,0,HIGH,DEFAULT(30.0d),0,1,Parallel,CRITICAL,Out of Stock,94.0,Full Parallel Processing,Phase 1: 0 processes in parallel | Phase 2: Final assembly,Longest parallel process + assembly time,Start all parallelizable processes simultaneously → Final integration,$0,High,HIGH,START PRODUCTION IMMEDIATELY | Implement parallel processing | Address 94 unit shortage,2025-07-21,2025-08-20
MEI001,30.0,30.0,0.0,0.0,1,0,HIGH,DEFAULT(30.0d),0,1,Parallel,CRITICAL,Out of Stock,86.0,Full Parallel Processing,Phase 1: 0 processes in parallel | Phase 2: Final assembly,Longest parallel process + assembly time,Start all parallelizable processes simultaneously → Final integration,$0,High,HIGH,START PRODUCTION IMMEDIATELY | Implement parallel processing | Address 86 unit shortage,2025-07-21,2025-08-20
PFI040,30.0,30.0,0.0,0.0,1,0,HIGH,DEFAULT(30.0d),0,1,Parallel,CRITICAL,Out of Stock,97.0,Full Parallel Processing,Phase 1: 0 processes in parallel | Phase 2: Final assembly,Longest parallel process + assembly time,Start all parallelizable processes simultaneously → Final integration,$0,High,HIGH,START PRODUCTION IMMEDIATELY | Implement parallel processing | Address 97 unit shortage,2025-07-21,2025-08-20
PTD4848110001,30.0,30.0,0.0,0.0,1,0,HIGH,DEFAULT(30.0d),0,1,Parallel,CRITICAL,Out of Stock,61.0,Full Parallel Processing,Phase 1: 0 processes in parallel | Phase 2: Final assembly,Longest parallel process + assembly time,Start all parallelizable processes simultaneously → Final integration,$0,High,HIGH,START PRODUCTION IMMEDIATELY | Implement parallel processing | Address 61.0 unit shortage,2025-07-21,2025-08-20
SIE441,228.0,228.0,0.0,0.0,19,3,LOW,"MOULD(12.0d), POUR(12.0d), K_D(12.0d)",1,1,Sequential,CRITICAL,Out of Stock,17.0,Optimized Sequential,Phase 1: Critical path processes | Phase 2: Supporting processes | Phase 3: Final assembly,"Bottleneck processes: MOULD(12.0d), POUR(12.0d), K_D(12.0d)",Address bottlenecks first → Supporting processes → Final assembly,$0,High,LOW,START PRODUCTION IMMEDIATELY | Address 17 unit shortage,2025-07-21,2026-03-06
SIE449,30.0,30.0,0.0,0.0,1,0,HIGH,DEFAULT(30.0d),0,1,Parallel,CRITICAL,Out of Stock,94.0,Full Parallel Processing,Phase 1: 0 processes in parallel | Phase 2: Final assembly,Longest parallel process + assembly time,Start all parallelizable processes simultaneously → Final integration,$0,High,HIGH,START PRODUCTION IMMEDIATELY | Implement parallel processing | Address 94 unit shortage,2025-07-21,2025-08-20
SIE451,30.0,30.0,0.0,0.0,1,0,HIGH,DEFAULT(30.0d),0,1,Parallel,CRITICAL,Out of Stock,86.0,Full Parallel Processing,Phase 1: 0 processes in parallel | Phase 2: Final assembly,Longest parallel process + assembly time,Start all parallelizable processes simultaneously → Final integration,$0,High,HIGH,START PRODUCTION IMMEDIATELY | Implement parallel processing | Address 86 unit shortage,2025-07-21,2025-08-20
SIE466,30.0,30.0,0.0,0.0,1,0,HIGH,DEFAULT(30.0d),0,1,Parallel,CRITICAL,Out of Stock,6.0,Full Parallel Processing,Phase 1: 0 processes in parallel | Phase 2: Final assembly,Longest parallel process + assembly time,Start all parallelizable processes simultaneously → Final integration,$0,High,HIGH,START PRODUCTION IMMEDIATELY | Implement parallel processing | Address 6 unit shortage,2025-07-21,2025-08-20
SIE522,30.0,30.0,0.0,0.0,1,0,HIGH,DEFAULT(30.0d),0,1,Parallel,CRITICAL,Out of Stock,99.0,Full Parallel Processing,Phase 1: 0 processes in parallel | Phase 2: Final assembly,Longest parallel process + assembly time,Start all parallelizable processes simultaneously → Final integration,$0,High,HIGH,START PRODUCTION IMMEDIATELY | Implement parallel processing | Address 99 unit shortage,2025-07-21,2025-08-20
SIE568,30.0,30.0,0.0,0.0,1,0,HIGH,DEFAULT(30.0d),0,1,Parallel,CRITICAL,Out of Stock,29.0,Full Parallel Processing,Phase 1: 0 processes in parallel | Phase 2: Final assembly,Longest parallel process + assembly time,Start all parallelizable processes simultaneously → Final integration,$0,High,HIGH,START PRODUCTION IMMEDIATELY | Implement parallel processing | Address 29 unit shortage,2025-07-21,2025-08-20
T6866845#002_PNT,30.0,30.0,0.0,0.0,1,0,HIGH,DEFAULT(30.0d),0,1,Parallel,CRITICAL,Out of Stock,9.0,Full Parallel Processing,Phase 1: 0 processes in parallel | Phase 2: Final assembly,Longest parallel process + assembly time,Start all parallelizable processes simultaneously → Final integration,$0,High,HIGH,START PRODUCTION IMMEDIATELY | Implement parallel processing | Address 9.0 unit shortage,2025-07-21,2025-08-20
T6866845#004_R04_PNT,30.0,30.0,0.0,0.0,1,0,HIGH,DEFAULT(30.0d),0,1,Parallel,CRITICAL,Out of Stock,326.0,Full Parallel Processing,Phase 1: 0 processes in parallel | Phase 2: Final assembly,Longest parallel process + assembly time,Start all parallelizable processes simultaneously → Final integration,$0,High,HIGH,START PRODUCTION IMMEDIATELY | Implement parallel processing | Address 326.0 unit shortage,2025-07-21,2025-08-20
T6866845#008_PNT,30.0,30.0,0.0,0.0,1,0,HIGH,DEFAULT(30.0d),0,1,Parallel,CRITICAL,Out of Stock,85.0,Full Parallel Processing,Phase 1: 0 processes in parallel | Phase 2: Final assembly,Longest parallel process + assembly time,Start all parallelizable processes simultaneously → Final integration,$0,High,HIGH,START PRODUCTION IMMEDIATELY | Implement parallel processing | Address 85.0 unit shortage,2025-07-21,2025-08-20
TOS006,30.0,30.0,0.0,0.0,1,0,HIGH,DEFAULT(30.0d),0,1,Parallel,CRITICAL,Out of Stock,8.0,Full Parallel Processing,Phase 1: 0 processes in parallel | Phase 2: Final assembly,Longest parallel process + assembly time,Start all parallelizable processes simultaneously → Final integration,$0,High,HIGH,START PRODUCTION IMMEDIATELY | Implement parallel processing | Address 8 unit shortage,2025-07-21,2025-08-20
TOS007,30.0,30.0,0.0,0.0,1,0,HIGH,DEFAULT(30.0d),0,1,Parallel,CRITICAL,Out of Stock,20.0,Full Parallel Processing,Phase 1: 0 processes in parallel | Phase 2: Final assembly,Longest parallel process + assembly time,Start all parallelizable processes simultaneously → Final integration,$0,High,HIGH,START PRODUCTION IMMEDIATELY | Implement parallel processing | Address 20 unit shortage,2025-07-21,2025-08-20
TOS009,30.0,30.0,0.0,0.0,1,0,HIGH,DEFAULT(30.0d),0,1,Parallel,CRITICAL,Out of Stock,42.0,Full Parallel Processing,Phase 1: 0 processes in parallel | Phase 2: Final assembly,Longest parallel process + assembly time,Start all parallelizable processes simultaneously → Final integration,$0,High,HIGH,START PRODUCTION IMMEDIATELY | Implement parallel processing | Address 42 unit shortage,2025-07-21,2025-08-20
TRE045,30.0,30.0,0.0,0.0,1,0,HIGH,DEFAULT(30.0d),0,1,Parallel,CRITICAL,Out of Stock,51.0,Full Parallel Processing,Phase 1: 0 processes in parallel | Phase 2: Final assembly,Longest parallel process + assembly time,Start all parallelizable processes simultaneously → Final integration,$0,High,HIGH,START PRODUCTION IMMEDIATELY | Implement parallel processing | Address 51 unit shortage,2025-07-21,2025-08-20
ABB373,264.0,264.0,0.0,0.0,22,5,LOW,"MOULD(12.0d), POUR(12.0d), K_D(12.0d)",1,1,Sequential,HIGH,Shortage,31.0,Optimized Sequential,Phase 1: Critical path processes | Phase 2: Supporting processes | Phase 3: Final assembly,"Bottleneck processes: MOULD(12.0d), POUR(12.0d), K_D(12.0d)",Address bottlenecks first → Supporting processes → Final assembly,$0,High,LOW,Schedule within 7 days | Address 31 unit shortage,2025-07-24,2026-04-14
ABB420,30.0,30.0,0.0,0.0,1,0,HIGH,DEFAULT(30.0d),0,1,Parallel,HIGH,Shortage,64.0,Full Parallel Processing,Phase 1: 0 processes in parallel | Phase 2: Final assembly,Longest parallel process + assembly time,Start all parallelizable processes simultaneously → Final integration,$0,High,HIGH,Schedule within 7 days | Implement parallel processing | Address 64 unit shortage,2025-07-24,2025-08-23
ABB429,30.0,30.0,0.0,0.0,1,0,HIGH,DEFAULT(30.0d),0,1,Parallel,HIGH,Shortage,51.0,Full Parallel Processing,Phase 1: 0 processes in parallel | Phase 2: Final assembly,Longest parallel process + assembly time,Start all parallelizable processes simultaneously → Final integration,$0,High,HIGH,Schedule within 7 days | Implement parallel processing | Address 51 unit shortage,2025-07-24,2025-08-23
ABB459,30.0,30.0,0.0,0.0,1,0,HIGH,DEFAULT(30.0d),0,1,Parallel,HIGH,Shortage,44.0,Full Parallel Processing,Phase 1: 0 processes in parallel | Phase 2: Final assembly,Longest parallel process + assembly time,Start all parallelizable processes simultaneously → Final integration,$0,High,HIGH,Schedule within 7 days | Implement parallel processing | Address 44 unit shortage,2025-07-24,2025-08-23
ABB471,30.0,30.0,0.0,0.0,1,0,HIGH,DEFAULT(30.0d),0,1,Parallel,HIGH,Shortage,53.0,Full Parallel Processing,Phase 1: 0 processes in parallel | Phase 2: Final assembly,Longest parallel process + assembly time,Start all parallelizable processes simultaneously → Final integration,$0,High,HIGH,Schedule within 7 days | Implement parallel processing | Address 53 unit shortage,2025-07-24,2025-08-23
ABB473,30.0,30.0,0.0,0.0,1,0,HIGH,DEFAULT(30.0d),0,1,Parallel,HIGH,Shortage,66.0,Full Parallel Processing,Phase 1: 0 processes in parallel | Phase 2: Final assembly,Longest parallel process + assembly time,Start all parallelizable processes simultaneously → Final integration,$0,High,HIGH,Schedule within 7 days | Implement parallel processing | Address 66 unit shortage,2025-07-24,2025-08-23
ARE130,30.0,30.0,0.0,0.0,1,0,HIGH,DEFAULT(30.0d),0,1,Parallel,HIGH,Shortage,36.0,Full Parallel Processing,Phase 1: 0 processes in parallel | Phase 2: Final assembly,Longest parallel process + assembly time,Start all parallelizable processes simultaneously → Final integration,$0,High,HIGH,Schedule within 7 days | Implement parallel processing | Address 36 unit shortage,2025-07-24,2025-08-23
ARE254,30.0,30.0,0.0,0.0,1,0,HIGH,DEFAULT(30.0d),0,1,Parallel,HIGH,Shortage,64.0,Full Parallel Processing,Phase 1: 0 processes in parallel | Phase 2: Final assembly,Longest parallel process + assembly time,Start all parallelizable processes simultaneously → Final integration,$0,High,HIGH,Schedule within 7 days | Implement parallel processing | Address 64 unit shortage,2025-07-24,2025-08-23
ARE266,30.0,30.0,0.0,0.0,1,0,HIGH,DEFAULT(30.0d),0,1,Parallel,HIGH,Shortage,99.0,Full Parallel Processing,Phase 1: 0 processes in parallel | Phase 2: Final assembly,Longest parallel process + assembly time,Start all parallelizable processes simultaneously → Final integration,$0,High,HIGH,Schedule within 7 days | Implement parallel processing | Address 99 unit shortage,2025-07-24,2025-08-23
ARE376,30.0,30.0,0.0,0.0,1,0,HIGH,DEFAULT(30.0d),0,1,Parallel,HIGH,Shortage,59.0,Full Parallel Processing,Phase 1: 0 processes in parallel | Phase 2: Final assembly,Longest parallel process + assembly time,Start all parallelizable processes simultaneously → Final integration,$0,High,HIGH,Schedule within 7 days | Implement parallel processing | Address 59 unit shortage,2025-07-24,2025-08-23
ARE380,30.0,30.0,0.0,0.0,1,0,HIGH,DEFAULT(30.0d),0,1,Parallel,HIGH,Shortage,11.0,Full Parallel Processing,Phase 1: 0 processes in parallel | Phase 2: Final assembly,Longest parallel process + assembly time,Start all parallelizable processes simultaneously → Final integration,$0,High,HIGH,Schedule within 7 days | Implement parallel processing | Address 11 unit shortage,2025-07-24,2025-08-23
ARE459,30.0,30.0,0.0,0.0,1,0,HIGH,DEFAULT(30.0d),0,1,Parallel,HIGH,Shortage,81.0,Full Parallel Processing,Phase 1: 0 processes in parallel | Phase 2: Final assembly,Longest parallel process + assembly time,Start all parallelizable processes simultaneously → Final integration,$0,High,HIGH,Schedule within 7 days | Implement parallel processing | Address 81 unit shortage,2025-07-24,2025-08-23
ARE461,30.0,30.0,0.0,0.0,1,0,HIGH,DEFAULT(30.0d),0,1,Parallel,HIGH,Shortage,42.0,Full Parallel Processing,Phase 1: 0 processes in parallel | Phase 2: Final assembly,Longest parallel process + assembly time,Start all parallelizable processes simultaneously → Final integration,$0,High,HIGH,Schedule within 7 days | Implement parallel processing | Address 42 unit shortage,2025-07-24,2025-08-23
CGP007,30.0,30.0,0.0,0.0,1,0,HIGH,DEFAULT(30.0d),0,1,Parallel,HIGH,Shortage,74.0,Full Parallel Processing,Phase 1: 0 processes in parallel | Phase 2: Final assembly,Longest parallel process + assembly time,Start all parallelizable processes simultaneously → Final integration,$0,High,HIGH,Schedule within 7 days | Implement parallel processing | Address 74 unit shortage,2025-07-24,2025-08-23
CLW002,30.0,30.0,0.0,0.0,1,0,HIGH,DEFAULT(30.0d),0,1,Parallel,HIGH,Shortage,36.0,Full Parallel Processing,Phase 1: 0 processes in parallel | Phase 2: Final assembly,Longest parallel process + assembly time,Start all parallelizable processes simultaneously → Final integration,$0,High,HIGH,Schedule within 7 days | Implement parallel processing | Address 36 unit shortage,2025-07-24,2025-08-23
GET011,30.0,30.0,0.0,0.0,1,0,HIGH,DEFAULT(30.0d),0,1,Parallel,HIGH,Shortage,16.0,Full Parallel Processing,Phase 1: 0 processes in parallel | Phase 2: Final assembly,Longest parallel process + assembly time,Start all parallelizable processes simultaneously → Final integration,$0,High,HIGH,Schedule within 7 days | Implement parallel processing | Address 16 unit shortage,2025-07-24,2025-08-23
GET013,30.0,30.0,0.0,0.0,1,0,HIGH,DEFAULT(30.0d),0,1,Parallel,HIGH,Shortage,74.0,Full Parallel Processing,Phase 1: 0 processes in parallel | Phase 2: Final assembly,Longest parallel process + assembly time,Start all parallelizable processes simultaneously → Final integration,$0,High,HIGH,Schedule within 7 days | Implement parallel processing | Address 74 unit shortage,2025-07-24,2025-08-23
HIT019,30.0,30.0,0.0,0.0,1,0,HIGH,DEFAULT(30.0d),0,1,Parallel,HIGH,Shortage,54.0,Full Parallel Processing,Phase 1: 0 processes in parallel | Phase 2: Final assembly,Longest parallel process + assembly time,Start all parallelizable processes simultaneously → Final integration,$0,High,HIGH,Schedule within 7 days | Implement parallel processing | Address 54 unit shortage,2025-07-24,2025-08-23
HIT020,30.0,30.0,0.0,0.0,1,0,HIGH,DEFAULT(30.0d),0,1,Parallel,HIGH,Shortage,97.0,Full Parallel Processing,Phase 1: 0 processes in parallel | Phase 2: Final assembly,Longest parallel process + assembly time,Start all parallelizable processes simultaneously → Final integration,$0,High,HIGH,Schedule within 7 days | Implement parallel processing | Address 97 unit shortage,2025-07-24,2025-08-23
HYO001,30.0,30.0,0.0,0.0,1,0,HIGH,DEFAULT(30.0d),0,1,Parallel,HIGH,Shortage,58.0,Full Parallel Processing,Phase 1: 0 processes in parallel | Phase 2: Final assembly,Longest parallel process + assembly time,Start all parallelizable processes simultaneously → Final integration,$0,High,HIGH,Schedule within 7 days | Implement parallel processing | Address 58 unit shortage,2025-07-24,2025-08-23
HYO008,30.0,30.0,0.0,0.0,1,0,HIGH,DEFAULT(30.0d),0,1,Parallel,HIGH,Shortage,19.0,Full Parallel Processing,Phase 1: 0 processes in parallel | Phase 2: Final assembly,Longest parallel process + assembly time,Start all parallelizable processes simultaneously → Final integration,$0,High,HIGH,Schedule within 7 days | Implement parallel processing | Address 19 unit shortage,2025-07-24,2025-08-23
HYO020,30.0,30.0,0.0,0.0,1,0,HIGH,DEFAULT(30.0d),0,1,Parallel,HIGH,Shortage,24.0,Full Parallel Processing,Phase 1: 0 processes in parallel | Phase 2: Final assembly,Longest parallel process + assembly time,Start all parallelizable processes simultaneously → Final integration,$0,High,HIGH,Schedule within 7 days | Implement parallel processing | Address 24 unit shortage,2025-07-24,2025-08-23
HYO022,30.0,30.0,0.0,0.0,1,0,HIGH,DEFAULT(30.0d),0,1,Parallel,HIGH,Shortage,4.0,Full Parallel Processing,Phase 1: 0 processes in parallel | Phase 2: Final assembly,Longest parallel process + assembly time,Start all parallelizable processes simultaneously → Final integration,$0,High,HIGH,Schedule within 7 days | Implement parallel processing | Address 4 unit shortage,2025-07-24,2025-08-23
HYO023,30.0,30.0,0.0,0.0,1,0,HIGH,DEFAULT(30.0d),0,1,Parallel,HIGH,Shortage,64.0,Full Parallel Processing,Phase 1: 0 processes in parallel | Phase 2: Final assembly,Longest parallel process + assembly time,Start all parallelizable processes simultaneously → Final integration,$0,High,HIGH,Schedule within 7 days | Implement parallel processing | Address 64 unit shortage,2025-07-24,2025-08-23
HYO026,228.0,228.0,0.0,0.0,19,2,LOW,"MOULD(12.0d), POUR(12.0d), K_D(12.0d)",1,1,Sequential,HIGH,Shortage,87.0,Optimized Sequential,Phase 1: Critical path processes | Phase 2: Supporting processes | Phase 3: Final assembly,"Bottleneck processes: MOULD(12.0d), POUR(12.0d), K_D(12.0d)",Address bottlenecks first → Supporting processes → Final assembly,$0,High,LOW,Schedule within 7 days | Address 87 unit shortage,2025-07-24,2026-03-09
IIT003,30.0,30.0,0.0,0.0,1,0,HIGH,DEFAULT(30.0d),0,1,Parallel,HIGH,Shortage,93.0,Full Parallel Processing,Phase 1: 0 processes in parallel | Phase 2: Final assembly,Longest parallel process + assembly time,Start all parallelizable processes simultaneously → Final integration,$0,High,HIGH,Schedule within 7 days | Implement parallel processing | Address 93 unit shortage,2025-07-24,2025-08-23
OBX002,30.0,30.0,0.0,0.0,1,0,HIGH,DEFAULT(30.0d),0,1,Parallel,HIGH,Shortage,6.0,Full Parallel Processing,Phase 1: 0 processes in parallel | Phase 2: Final assembly,Longest parallel process + assembly time,Start all parallelizable processes simultaneously → Final integration,$0,High,HIGH,Schedule within 7 days | Implement parallel processing | Address 6 unit shortage,2025-07-24,2025-08-23
SIE429,30.0,30.0,0.0,0.0,1,0,HIGH,DEFAULT(30.0d),0,1,Parallel,HIGH,Shortage,54.0,Full Parallel Processing,Phase 1: 0 processes in parallel | Phase 2: Final assembly,Longest parallel process + assembly time,Start all parallelizable processes simultaneously → Final integration,$0,High,HIGH,Schedule within 7 days | Implement parallel processing | Address 54 unit shortage,2025-07-24,2025-08-23
SIE448,30.0,30.0,0.0,0.0,1,0,HIGH,DEFAULT(30.0d),0,1,Parallel,HIGH,Shortage,78.0,Full Parallel Processing,Phase 1: 0 processes in parallel | Phase 2: Final assembly,Longest parallel process + assembly time,Start all parallelizable processes simultaneously → Final integration,$0,High,HIGH,Schedule within 7 days | Implement parallel processing | Address 78 unit shortage,2025-07-24,2025-08-23
SIE464,30.0,30.0,0.0,0.0,1,0,HIGH,DEFAULT(30.0d),0,1,Parallel,HIGH,Shortage,69.0,Full Parallel Processing,Phase 1: 0 processes in parallel | Phase 2: Final assembly,Longest parallel process + assembly time,Start all parallelizable processes simultaneously → Final integration,$0,High,HIGH,Schedule within 7 days | Implement parallel processing | Address 69 unit shortage,2025-07-24,2025-08-23
SIE465,30.0,30.0,0.0,0.0,1,0,HIGH,DEFAULT(30.0d),0,1,Parallel,HIGH,Shortage,96.0,Full Parallel Processing,Phase 1: 0 processes in parallel | Phase 2: Final assembly,Longest parallel process + assembly time,Start all parallelizable processes simultaneously → Final integration,$0,High,HIGH,Schedule within 7 days | Implement parallel processing | Address 96 unit shortage,2025-07-24,2025-08-23
SIE468,30.0,30.0,0.0,0.0,1,0,HIGH,DEFAULT(30.0d),0,1,Parallel,HIGH,Shortage,40.0,Full Parallel Processing,Phase 1: 0 processes in parallel | Phase 2: Final assembly,Longest parallel process + assembly time,Start all parallelizable processes simultaneously → Final integration,$0,High,HIGH,Schedule within 7 days | Implement parallel processing | Address 40 unit shortage,2025-07-24,2025-08-23
SIE481,30.0,30.0,0.0,0.0,1,0,HIGH,DEFAULT(30.0d),0,1,Parallel,HIGH,Shortage,20.0,Full Parallel Processing,Phase 1: 0 processes in parallel | Phase 2: Final assembly,Longest parallel process + assembly time,Start all parallelizable processes simultaneously → Final integration,$0,High,HIGH,Schedule within 7 days | Implement parallel processing | Address 20 unit shortage,2025-07-24,2025-08-23
SIE491,30.0,30.0,0.0,0.0,1,0,HIGH,DEFAULT(30.0d),0,1,Parallel,HIGH,Shortage,35.0,Full Parallel Processing,Phase 1: 0 processes in parallel | Phase 2: Final assembly,Longest parallel process + assembly time,Start all parallelizable processes simultaneously → Final integration,$0,High,HIGH,Schedule within 7 days | Implement parallel processing | Address 35 unit shortage,2025-07-24,2025-08-23
SIE545,30.0,30.0,0.0,0.0,1,0,HIGH,DEFAULT(30.0d),0,1,Parallel,HIGH,Shortage,83.0,Full Parallel Processing,Phase 1: 0 processes in parallel | Phase 2: Final assembly,Longest parallel process + assembly time,Start all parallelizable processes simultaneously → Final integration,$0,High,HIGH,Schedule within 7 days | Implement parallel processing | Address 83 unit shortage,2025-07-24,2025-08-23
SIE578,30.0,30.0,0.0,0.0,1,0,HIGH,DEFAULT(30.0d),0,1,Parallel,HIGH,Shortage,38.0,Full Parallel Processing,Phase 1: 0 processes in parallel | Phase 2: Final assembly,Longest parallel process + assembly time,Start all parallelizable processes simultaneously → Final integration,$0,High,HIGH,Schedule within 7 days | Implement parallel processing | Address 38 unit shortage,2025-07-24,2025-08-23
TOS003,30.0,30.0,0.0,0.0,1,0,HIGH,DEFAULT(30.0d),0,1,Parallel,HIGH,Shortage,14.0,Full Parallel Processing,Phase 1: 0 processes in parallel | Phase 2: Final assembly,Longest parallel process + assembly time,Start all parallelizable processes simultaneously → Final integration,$0,High,HIGH,Schedule within 7 days | Implement parallel processing | Address 14 unit shortage,2025-07-24,2025-08-23
TOS005,30.0,30.0,0.0,0.0,1,0,HIGH,DEFAULT(30.0d),0,1,Parallel,HIGH,Shortage,58.0,Full Parallel Processing,Phase 1: 0 processes in parallel | Phase 2: Final assembly,Longest parallel process + assembly time,Start all parallelizable processes simultaneously → Final integration,$0,High,HIGH,Schedule within 7 days | Implement parallel processing | Address 58 unit shortage,2025-07-24,2025-08-23
TOS008,30.0,30.0,0.0,0.0,1,0,HIGH,DEFAULT(30.0d),0,1,Parallel,HIGH,Shortage,9.0,Full Parallel Processing,Phase 1: 0 processes in parallel | Phase 2: Final assembly,Longest parallel process + assembly time,Start all parallelizable processes simultaneously → Final integration,$0,High,HIGH,Schedule within 7 days | Implement parallel processing | Address 9 unit shortage,2025-07-24,2025-08-23
TOS010,30.0,30.0,0.0,0.0,1,0,HIGH,DEFAULT(30.0d),0,1,Parallel,HIGH,Shortage,8.0,Full Parallel Processing,Phase 1: 0 processes in parallel | Phase 2: Final assembly,Longest parallel process + assembly time,Start all parallelizable processes simultaneously → Final integration,$0,High,HIGH,Schedule within 7 days | Implement parallel processing | Address 8 unit shortage,2025-07-24,2025-08-23
TOS012,30.0,30.0,0.0,0.0,1,0,HIGH,DEFAULT(30.0d),0,1,Parallel,HIGH,Shortage,79.0,Full Parallel Processing,Phase 1: 0 processes in parallel | Phase 2: Final assembly,Longest parallel process + assembly time,Start all parallelizable processes simultaneously → Final integration,$0,High,HIGH,Schedule within 7 days | Implement parallel processing | Address 79 unit shortage,2025-07-24,2025-08-23
TOS017,30.0,30.0,0.0,0.0,1,0,HIGH,DEFAULT(30.0d),0,1,Parallel,HIGH,Shortage,79.0,Full Parallel Processing,Phase 1: 0 processes in parallel | Phase 2: Final assembly,Longest parallel process + assembly time,Start all parallelizable processes simultaneously → Final integration,$0,High,HIGH,Schedule within 7 days | Implement parallel processing | Address 79 unit shortage,2025-07-24,2025-08-23
TOS019,30.0,30.0,0.0,0.0,1,0,HIGH,DEFAULT(30.0d),0,1,Parallel,HIGH,Shortage,14.0,Full Parallel Processing,Phase 1: 0 processes in parallel | Phase 2: Final assembly,Longest parallel process + assembly time,Start all parallelizable processes simultaneously → Final integration,$0,High,HIGH,Schedule within 7 days | Implement parallel processing | Address 14 unit shortage,2025-07-24,2025-08-23
TRA001,30.0,30.0,0.0,0.0,1,0,HIGH,DEFAULT(30.0d),0,1,Parallel,HIGH,Shortage,28.0,Full Parallel Processing,Phase 1: 0 processes in parallel | Phase 2: Final assembly,Longest parallel process + assembly time,Start all parallelizable processes simultaneously → Final integration,$0,High,HIGH,Schedule within 7 days | Implement parallel processing | Address 28 unit shortage,2025-07-24,2025-08-23
TRA003,30.0,30.0,0.0,0.0,1,0,HIGH,DEFAULT(30.0d),0,1,Parallel,HIGH,Shortage,76.0,Full Parallel Processing,Phase 1: 0 processes in parallel | Phase 2: Final assembly,Longest parallel process + assembly time,Start all parallelizable processes simultaneously → Final integration,$0,High,HIGH,Schedule within 7 days | Implement parallel processing | Address 76 unit shortage,2025-07-24,2025-08-23
ABB401,30.0,30.0,0.0,0.0,1,0,HIGH,DEFAULT(30.0d),0,1,Parallel,LOW,Adequate,0.0,Full Parallel Processing,Phase 1: 0 processes in parallel | Phase 2: Final assembly,Longest parallel process + assembly time,Start all parallelizable processes simultaneously → Final integration,$0,Low,HIGH,Implement parallel processing,2025-08-04,2025-09-03
ABB435,30.0,30.0,0.0,0.0,1,0,HIGH,DEFAULT(30.0d),0,1,Parallel,LOW,Adequate,0.0,Full Parallel Processing,Phase 1: 0 processes in parallel | Phase 2: Final assembly,Longest parallel process + assembly time,Start all parallelizable processes simultaneously → Final integration,$0,Low,HIGH,Implement parallel processing,2025-08-04,2025-09-03
ABB439,30.0,30.0,0.0,0.0,1,0,HIGH,DEFAULT(30.0d),0,1,Parallel,LOW,Adequate,0.0,Full Parallel Processing,Phase 1: 0 processes in parallel | Phase 2: Final assembly,Longest parallel process + assembly time,Start all parallelizable processes simultaneously → Final integration,$0,Low,HIGH,Implement parallel processing,2025-08-04,2025-09-03
ABB448,30.0,30.0,0.0,0.0,1,0,HIGH,DEFAULT(30.0d),0,1,Parallel,LOW,Adequate,0.0,Full Parallel Processing,Phase 1: 0 processes in parallel | Phase 2: Final assembly,Longest parallel process + assembly time,Start all parallelizable processes simultaneously → Final integration,$0,Low,HIGH,Implement parallel processing,2025-08-04,2025-09-03
ABB449,30.0,30.0,0.0,0.0,1,0,HIGH,DEFAULT(30.0d),0,1,Parallel,LOW,Adequate,0.0,Full Parallel Processing,Phase 1: 0 processes in parallel | Phase 2: Final assembly,Longest parallel process + assembly time,Start all parallelizable processes simultaneously → Final integration,$0,Low,HIGH,Implement parallel processing,2025-08-04,2025-09-03
ABB451,30.0,30.0,0.0,0.0,1,0,HIGH,DEFAULT(30.0d),0,1,Parallel,LOW,Adequate,0.0,Full Parallel Processing,Phase 1: 0 processes in parallel | Phase 2: Final assembly,Longest parallel process + assembly time,Start all parallelizable processes simultaneously → Final integration,$0,Low,HIGH,Implement parallel processing,2025-08-04,2025-09-03
ABB456,30.0,30.0,0.0,0.0,1,0,HIGH,DEFAULT(30.0d),0,1,Parallel,LOW,Adequate,0.0,Full Parallel Processing,Phase 1: 0 processes in parallel | Phase 2: Final assembly,Longest parallel process + assembly time,Start all parallelizable processes simultaneously → Final integration,$0,Low,HIGH,Implement parallel processing,2025-08-04,2025-09-03
ABB457,30.0,30.0,0.0,0.0,1,0,HIGH,DEFAULT(30.0d),0,1,Parallel,LOW,Excess,0.0,Full Parallel Processing,Phase 1: 0 processes in parallel | Phase 2: Final assembly,Longest parallel process + assembly time,Start all parallelizable processes simultaneously → Final integration,$0,Low,HIGH,Implement parallel processing,2025-08-04,2025-09-03
ABB460,30.0,30.0,0.0,0.0,1,0,HIGH,DEFAULT(30.0d),0,1,Parallel,LOW,Adequate,0.0,Full Parallel Processing,Phase 1: 0 processes in parallel | Phase 2: Final assembly,Longest parallel process + assembly time,Start all parallelizable processes simultaneously → Final integration,$0,Low,HIGH,Implement parallel processing,2025-08-04,2025-09-03
ABB461,30.0,30.0,0.0,0.0,1,0,HIGH,DEFAULT(30.0d),0,1,Parallel,LOW,Adequate,0.0,Full Parallel Processing,Phase 1: 0 processes in parallel | Phase 2: Final assembly,Longest parallel process + assembly time,Start all parallelizable processes simultaneously → Final integration,$0,Low,HIGH,Implement parallel processing,2025-08-04,2025-09-03
ABB462,30.0,30.0,0.0,0.0,1,0,HIGH,DEFAULT(30.0d),0,1,Parallel,LOW,Adequate,0.0,Full Parallel Processing,Phase 1: 0 processes in parallel | Phase 2: Final assembly,Longest parallel process + assembly time,Start all parallelizable processes simultaneously → Final integration,$0,Low,HIGH,Implement parallel processing,2025-08-04,2025-09-03
ABB463,30.0,30.0,0.0,0.0,1,0,HIGH,DEFAULT(30.0d),0,1,Parallel,LOW,Adequate,0.0,Full Parallel Processing,Phase 1: 0 processes in parallel | Phase 2: Final assembly,Longest parallel process + assembly time,Start all parallelizable processes simultaneously → Final integration,$0,Low,HIGH,Implement parallel processing,2025-08-04,2025-09-03
ABB464,30.0,30.0,0.0,0.0,1,0,HIGH,DEFAULT(30.0d),0,1,Parallel,LOW,Adequate,0.0,Full Parallel Processing,Phase 1: 0 processes in parallel | Phase 2: Final assembly,Longest parallel process + assembly time,Start all parallelizable processes simultaneously → Final integration,$0,Low,HIGH,Implement parallel processing,2025-08-04,2025-09-03
ABB465,30.0,30.0,0.0,0.0,1,0,HIGH,DEFAULT(30.0d),0,1,Parallel,LOW,Excess,0.0,Full Parallel Processing,Phase 1: 0 processes in parallel | Phase 2: Final assembly,Longest parallel process + assembly time,Start all parallelizable processes simultaneously → Final integration,$0,Low,HIGH,Implement parallel processing,2025-08-04,2025-09-03
ABB474,30.0,30.0,0.0,0.0,1,0,HIGH,DEFAULT(30.0d),0,1,Parallel,LOW,Adequate,0.0,Full Parallel Processing,Phase 1: 0 processes in parallel | Phase 2: Final assembly,Longest parallel process + assembly time,Start all parallelizable processes simultaneously → Final integration,$0,Low,HIGH,Implement parallel processing,2025-08-04,2025-09-03
ABB477,30.0,30.0,0.0,0.0,1,0,HIGH,DEFAULT(30.0d),0,1,Parallel,LOW,Adequate,0.0,Full Parallel Processing,Phase 1: 0 processes in parallel | Phase 2: Final assembly,Longest parallel process + assembly time,Start all parallelizable processes simultaneously → Final integration,$0,Low,HIGH,Implement parallel processing,2025-08-04,2025-09-03
ABB478,30.0,30.0,0.0,0.0,1,0,HIGH,DEFAULT(30.0d),0,1,Parallel,LOW,Excess,0.0,Full Parallel Processing,Phase 1: 0 processes in parallel | Phase 2: Final assembly,Longest parallel process + assembly time,Start all parallelizable processes simultaneously → Final integration,$0,Low,HIGH,Implement parallel processing,2025-08-04,2025-09-03
ALL006,30.0,30.0,0.0,0.0,1,0,HIGH,DEFAULT(30.0d),0,1,Parallel,LOW,Adequate,0.0,Full Parallel Processing,Phase 1: 0 processes in parallel | Phase 2: Final assembly,Longest parallel process + assembly time,Start all parallelizable processes simultaneously → Final integration,$0,Low,HIGH,Implement parallel processing,2025-08-04,2025-09-03
ARE234,30.0,30.0,0.0,0.0,1,0,HIGH,DEFAULT(30.0d),0,1,Parallel,LOW,Adequate,0.0,Full Parallel Processing,Phase 1: 0 processes in parallel | Phase 2: Final assembly,Longest parallel process + assembly time,Start all parallelizable processes simultaneously → Final integration,$0,Low,HIGH,Implement parallel processing,2025-08-04,2025-09-03
ARE236,30.0,30.0,0.0,0.0,1,0,HIGH,DEFAULT(30.0d),0,1,Parallel,LOW,Adequate,0.0,Full Parallel Processing,Phase 1: 0 processes in parallel | Phase 2: Final assembly,Longest parallel process + assembly time,Start all parallelizable processes simultaneously → Final integration,$0,Low,HIGH,Implement parallel processing,2025-08-04,2025-09-03
ARE237,30.0,30.0,0.0,0.0,1,0,HIGH,DEFAULT(30.0d),0,1,Parallel,LOW,Adequate,0.0,Full Parallel Processing,Phase 1: 0 processes in parallel | Phase 2: Final assembly,Longest parallel process + assembly time,Start all parallelizable processes simultaneously → Final integration,$0,Low,HIGH,Implement parallel processing,2025-08-04,2025-09-03
ARE244,30.0,30.0,0.0,0.0,1,0,HIGH,DEFAULT(30.0d),0,1,Parallel,LOW,Adequate,0.0,Full Parallel Processing,Phase 1: 0 processes in parallel | Phase 2: Final assembly,Longest parallel process + assembly time,Start all parallelizable processes simultaneously → Final integration,$0,Low,HIGH,Implement parallel processing,2025-08-04,2025-09-03
ARE258,30.0,30.0,0.0,0.0,1,0,HIGH,DEFAULT(30.0d),0,1,Parallel,LOW,Adequate,0.0,Full Parallel Processing,Phase 1: 0 processes in parallel | Phase 2: Final assembly,Longest parallel process + assembly time,Start all parallelizable processes simultaneously → Final integration,$0,Low,HIGH,Implement parallel processing,2025-08-04,2025-09-03
ARE316,30.0,30.0,0.0,0.0,1,0,HIGH,DEFAULT(30.0d),0,1,Parallel,LOW,Adequate,0.0,Full Parallel Processing,Phase 1: 0 processes in parallel | Phase 2: Final assembly,Longest parallel process + assembly time,Start all parallelizable processes simultaneously → Final integration,$0,Low,HIGH,Implement parallel processing,2025-08-04,2025-09-03
ARE320,30.0,30.0,0.0,0.0,1,0,HIGH,DEFAULT(30.0d),0,1,Parallel,LOW,Adequate,0.0,Full Parallel Processing,Phase 1: 0 processes in parallel | Phase 2: Final assembly,Longest parallel process + assembly time,Start all parallelizable processes simultaneously → Final integration,$0,Low,HIGH,Implement parallel processing,2025-08-04,2025-09-03
ARE321,30.0,30.0,0.0,0.0,1,0,HIGH,DEFAULT(30.0d),0,1,Parallel,LOW,Adequate,0.0,Full Parallel Processing,Phase 1: 0 processes in parallel | Phase 2: Final assembly,Longest parallel process + assembly time,Start all parallelizable processes simultaneously → Final integration,$0,Low,HIGH,Implement parallel processing,2025-08-04,2025-09-03
ARE330,228.0,228.0,0.0,0.0,19,3,LOW,"MOULD(12.0d), POUR(12.0d), K_D(12.0d)",1,1,Sequential,LOW,Adequate,0.0,Optimized Sequential,Phase 1: Critical path processes | Phase 2: Supporting processes | Phase 3: Final assembly,"Bottleneck processes: MOULD(12.0d), POUR(12.0d), K_D(12.0d)",Address bottlenecks first → Supporting processes → Final assembly,$0,Low,LOW,Standard scheduling,2025-08-04,2026-03-20
ARE337,30.0,30.0,0.0,0.0,1,0,HIGH,DEFAULT(30.0d),0,1,Parallel,LOW,Adequate,0.0,Full Parallel Processing,Phase 1: 0 processes in parallel | Phase 2: Final assembly,Longest parallel process + assembly time,Start all parallelizable processes simultaneously → Final integration,$0,Low,HIGH,Implement parallel processing,2025-08-04,2025-09-03
ARE396,190.0,190.0,0.0,0.0,19,2,LOW,"MOULD(10.0d), POUR(10.0d), K_D(10.0d)",1,1,Sequential,LOW,Adequate,0.0,Optimized Sequential,Phase 1: Critical path processes | Phase 2: Supporting processes | Phase 3: Final assembly,"Bottleneck processes: MOULD(10.0d), POUR(10.0d), K_D(10.0d)",Address bottlenecks first → Supporting processes → Final assembly,$0,Low,LOW,Standard scheduling,2025-08-04,2026-02-10
ARE404,30.0,30.0,0.0,0.0,1,0,HIGH,DEFAULT(30.0d),0,1,Parallel,LOW,Excess,0.0,Full Parallel Processing,Phase 1: 0 processes in parallel | Phase 2: Final assembly,Longest parallel process + assembly time,Start all parallelizable processes simultaneously → Final integration,$0,Low,HIGH,Implement parallel processing,2025-08-04,2025-09-03
ARE427,30.0,30.0,0.0,0.0,1,0,HIGH,DEFAULT(30.0d),0,1,Parallel,LOW,Adequate,0.0,Full Parallel Processing,Phase 1: 0 processes in parallel | Phase 2: Final assembly,Longest parallel process + assembly time,Start all parallelizable processes simultaneously → Final integration,$0,Low,HIGH,Implement parallel processing,2025-08-04,2025-09-03
ARE449,30.0,30.0,0.0,0.0,1,0,HIGH,DEFAULT(30.0d),0,1,Parallel,LOW,Excess,0.0,Full Parallel Processing,Phase 1: 0 processes in parallel | Phase 2: Final assembly,Longest parallel process + assembly time,Start all parallelizable processes simultaneously → Final integration,$0,Low,HIGH,Implement parallel processing,2025-08-04,2025-09-03
ARE450,30.0,30.0,0.0,0.0,1,0,HIGH,DEFAULT(30.0d),0,1,Parallel,LOW,Adequate,0.0,Full Parallel Processing,Phase 1: 0 processes in parallel | Phase 2: Final assembly,Longest parallel process + assembly time,Start all parallelizable processes simultaneously → Final integration,$0,Low,HIGH,Implement parallel processing,2025-08-04,2025-09-03
ARE451,30.0,30.0,0.0,0.0,1,0,HIGH,DEFAULT(30.0d),0,1,Parallel,LOW,Adequate,0.0,Full Parallel Processing,Phase 1: 0 processes in parallel | Phase 2: Final assembly,Longest parallel process + assembly time,Start all parallelizable processes simultaneously → Final integration,$0,Low,HIGH,Implement parallel processing,2025-08-04,2025-09-03
ARE454,30.0,30.0,0.0,0.0,1,0,HIGH,DEFAULT(30.0d),0,1,Parallel,LOW,Excess,0.0,Full Parallel Processing,Phase 1: 0 processes in parallel | Phase 2: Final assembly,Longest parallel process + assembly time,Start all parallelizable processes simultaneously → Final integration,$0,Low,HIGH,Implement parallel processing,2025-08-04,2025-09-03
ARE460,30.0,30.0,0.0,0.0,1,0,HIGH,DEFAULT(30.0d),0,1,Parallel,LOW,Adequate,0.0,Full Parallel Processing,Phase 1: 0 processes in parallel | Phase 2: Final assembly,Longest parallel process + assembly time,Start all parallelizable processes simultaneously → Final integration,$0,Low,HIGH,Implement parallel processing,2025-08-04,2025-09-03
BHL001,30.0,30.0,0.0,0.0,1,0,HIGH,DEFAULT(30.0d),0,1,Parallel,LOW,Adequate,0.0,Full Parallel Processing,Phase 1: 0 processes in parallel | Phase 2: Final assembly,Longest parallel process + assembly time,Start all parallelizable processes simultaneously → Final integration,$0,Low,HIGH,Implement parallel processing,2025-08-04,2025-09-03
BHL002,30.0,30.0,0.0,0.0,1,0,HIGH,DEFAULT(30.0d),0,1,Parallel,LOW,Adequate,0.0,Full Parallel Processing,Phase 1: 0 processes in parallel | Phase 2: Final assembly,Longest parallel process + assembly time,Start all parallelizable processes simultaneously → Final integration,$0,Low,HIGH,Implement parallel processing,2025-08-04,2025-09-03
CGP001,30.0,30.0,0.0,0.0,1,0,HIGH,DEFAULT(30.0d),0,1,Parallel,LOW,Adequate,0.0,Full Parallel Processing,Phase 1: 0 processes in parallel | Phase 2: Final assembly,Longest parallel process + assembly time,Start all parallelizable processes simultaneously → Final integration,$0,Low,HIGH,Implement parallel processing,2025-08-04,2025-09-03
CGP005,30.0,30.0,0.0,0.0,1,0,HIGH,DEFAULT(30.0d),0,1,Parallel,LOW,Adequate,0.0,Full Parallel Processing,Phase 1: 0 processes in parallel | Phase 2: Final assembly,Longest parallel process + assembly time,Start all parallelizable processes simultaneously → Final integration,$0,Low,HIGH,Implement parallel processing,2025-08-04,2025-09-03
CGP008,30.0,30.0,0.0,0.0,1,0,HIGH,DEFAULT(30.0d),0,1,Parallel,LOW,Adequate,0.0,Full Parallel Processing,Phase 1: 0 processes in parallel | Phase 2: Final assembly,Longest parallel process + assembly time,Start all parallelizable processes simultaneously → Final integration,$0,Low,HIGH,Implement parallel processing,2025-08-04,2025-09-03
CGP009,30.0,30.0,0.0,0.0,1,0,HIGH,DEFAULT(30.0d),0,1,Parallel,LOW,Adequate,0.0,Full Parallel Processing,Phase 1: 0 processes in parallel | Phase 2: Final assembly,Longest parallel process + assembly time,Start all parallelizable processes simultaneously → Final integration,$0,Low,HIGH,Implement parallel processing,2025-08-04,2025-09-03
CGP010,30.0,30.0,0.0,0.0,1,0,HIGH,DEFAULT(30.0d),0,1,Parallel,LOW,Adequate,0.0,Full Parallel Processing,Phase 1: 0 processes in parallel | Phase 2: Final assembly,Longest parallel process + assembly time,Start all parallelizable processes simultaneously → Final integration,$0,Low,HIGH,Implement parallel processing,2025-08-04,2025-09-03
CGP011,30.0,30.0,0.0,0.0,1,0,HIGH,DEFAULT(30.0d),0,1,Parallel,LOW,Adequate,0.0,Full Parallel Processing,Phase 1: 0 processes in parallel | Phase 2: Final assembly,Longest parallel process + assembly time,Start all parallelizable processes simultaneously → Final integration,$0,Low,HIGH,Implement parallel processing,2025-08-04,2025-09-03
CGP012,30.0,30.0,0.0,0.0,1,0,HIGH,DEFAULT(30.0d),0,1,Parallel,LOW,Excess,0.0,Full Parallel Processing,Phase 1: 0 processes in parallel | Phase 2: Final assembly,Longest parallel process + assembly time,Start all parallelizable processes simultaneously → Final integration,$0,Low,HIGH,Implement parallel processing,2025-08-04,2025-09-03
CLW001,30.0,30.0,0.0,0.0,1,0,HIGH,DEFAULT(30.0d),0,1,Parallel,LOW,Adequate,0.0,Full Parallel Processing,Phase 1: 0 processes in parallel | Phase 2: Final assembly,Longest parallel process + assembly time,Start all parallelizable processes simultaneously → Final integration,$0,Low,HIGH,Implement parallel processing,2025-08-04,2025-09-03
DAB001,30.0,30.0,0.0,0.0,1,0,HIGH,DEFAULT(30.0d),0,1,Parallel,LOW,Adequate,0.0,Full Parallel Processing,Phase 1: 0 processes in parallel | Phase 2: Final assembly,Longest parallel process + assembly time,Start all parallelizable processes simultaneously → Final integration,$0,Low,HIGH,Implement parallel processing,2025-08-04,2025-09-03
DEF001,30.0,30.0,0.0,0.0,1,0,HIGH,DEFAULT(30.0d),0,1,Parallel,LOW,Excess,0.0,Full Parallel Processing,Phase 1: 0 processes in parallel | Phase 2: Final assembly,Longest parallel process + assembly time,Start all parallelizable processes simultaneously → Final integration,$0,Low,HIGH,Implement parallel processing,2025-08-04,2025-09-03
HIT007,30.0,30.0,0.0,0.0,1,0,HIGH,DEFAULT(30.0d),0,1,Parallel,LOW,Adequate,0.0,Full Parallel Processing,Phase 1: 0 processes in parallel | Phase 2: Final assembly,Longest parallel process + assembly time,Start all parallelizable processes simultaneously → Final integration,$0,Low,HIGH,Implement parallel processing,2025-08-04,2025-09-03
HIT011,30.0,30.0,0.0,0.0,1,0,HIGH,DEFAULT(30.0d),0,1,Parallel,LOW,Excess,0.0,Full Parallel Processing,Phase 1: 0 processes in parallel | Phase 2: Final assembly,Longest parallel process + assembly time,Start all parallelizable processes simultaneously → Final integration,$0,Low,HIGH,Implement parallel processing,2025-08-04,2025-09-03
HYO006,30.0,30.0,0.0,0.0,1,0,HIGH,DEFAULT(30.0d),0,1,Parallel,LOW,Adequate,0.0,Full Parallel Processing,Phase 1: 0 processes in parallel | Phase 2: Final assembly,Longest parallel process + assembly time,Start all parallelizable processes simultaneously → Final integration,$0,Low,HIGH,Implement parallel processing,2025-08-04,2025-09-03
HYO010,30.0,30.0,0.0,0.0,1,0,HIGH,DEFAULT(30.0d),0,1,Parallel,LOW,Excess,0.0,Full Parallel Processing,Phase 1: 0 processes in parallel | Phase 2: Final assembly,Longest parallel process + assembly time,Start all parallelizable processes simultaneously → Final integration,$0,Low,HIGH,Implement parallel processing,2025-08-04,2025-09-03
HYO011,30.0,30.0,0.0,0.0,1,0,HIGH,DEFAULT(30.0d),0,1,Parallel,LOW,Adequate,0.0,Full Parallel Processing,Phase 1: 0 processes in parallel | Phase 2: Final assembly,Longest parallel process + assembly time,Start all parallelizable processes simultaneously → Final integration,$0,Low,HIGH,Implement parallel processing,2025-08-04,2025-09-03
HYO012,30.0,30.0,0.0,0.0,1,0,HIGH,DEFAULT(30.0d),0,1,Parallel,LOW,Adequate,0.0,Full Parallel Processing,Phase 1: 0 processes in parallel | Phase 2: Final assembly,Longest parallel process + assembly time,Start all parallelizable processes simultaneously → Final integration,$0,Low,HIGH,Implement parallel processing,2025-08-04,2025-09-03
HYO013,30.0,30.0,0.0,0.0,1,0,HIGH,DEFAULT(30.0d),0,1,Parallel,LOW,Adequate,0.0,Full Parallel Processing,Phase 1: 0 processes in parallel | Phase 2: Final assembly,Longest parallel process + assembly time,Start all parallelizable processes simultaneously → Final integration,$0,Low,HIGH,Implement parallel processing,2025-08-04,2025-09-03
HYO019,30.0,30.0,0.0,0.0,1,0,HIGH,DEFAULT(30.0d),0,1,Parallel,LOW,Adequate,0.0,Full Parallel Processing,Phase 1: 0 processes in parallel | Phase 2: Final assembly,Longest parallel process + assembly time,Start all parallelizable processes simultaneously → Final integration,$0,Low,HIGH,Implement parallel processing,2025-08-04,2025-09-03
HYO021,30.0,30.0,0.0,0.0,1,0,HIGH,DEFAULT(30.0d),0,1,Parallel,LOW,Adequate,0.0,Full Parallel Processing,Phase 1: 0 processes in parallel | Phase 2: Final assembly,Longest parallel process + assembly time,Start all parallelizable processes simultaneously → Final integration,$0,Low,HIGH,Implement parallel processing,2025-08-04,2025-09-03
HYO024,30.0,30.0,0.0,0.0,1,0,HIGH,DEFAULT(30.0d),0,1,Parallel,LOW,Adequate,0.0,Full Parallel Processing,Phase 1: 0 processes in parallel | Phase 2: Final assembly,Longest parallel process + assembly time,Start all parallelizable processes simultaneously → Final integration,$0,Low,HIGH,Implement parallel processing,2025-08-04,2025-09-03
HYO025,228.0,228.0,0.0,0.0,19,2,LOW,"MOULD(12.0d), POUR(12.0d), K_D(12.0d)",1,1,Sequential,LOW,Adequate,0.0,Optimized Sequential,Phase 1: Critical path processes | Phase 2: Supporting processes | Phase 3: Final assembly,"Bottleneck processes: MOULD(12.0d), POUR(12.0d), K_D(12.0d)",Address bottlenecks first → Supporting processes → Final assembly,$0,Low,LOW,Standard scheduling,2025-08-04,2026-03-20
HYO029,30.0,30.0,0.0,0.0,1,0,HIGH,DEFAULT(30.0d),0,1,Parallel,LOW,Adequate,0.0,Full Parallel Processing,Phase 1: 0 processes in parallel | Phase 2: Final assembly,Longest parallel process + assembly time,Start all parallelizable processes simultaneously → Final integration,$0,Low,HIGH,Implement parallel processing,2025-08-04,2025-09-03
HYO031,30.0,30.0,0.0,0.0,1,0,HIGH,DEFAULT(30.0d),0,1,Parallel,LOW,Excess,0.0,Full Parallel Processing,Phase 1: 0 processes in parallel | Phase 2: Final assembly,Longest parallel process + assembly time,Start all parallelizable processes simultaneously → Final integration,$0,Low,HIGH,Implement parallel processing,2025-08-04,2025-09-03
IIT001,30.0,30.0,0.0,0.0,1,0,HIGH,DEFAULT(30.0d),0,1,Parallel,LOW,Excess,0.0,Full Parallel Processing,Phase 1: 0 processes in parallel | Phase 2: Final assembly,Longest parallel process + assembly time,Start all parallelizable processes simultaneously → Final integration,$0,Low,HIGH,Implement parallel processing,2025-08-04,2025-09-03
IIT002,30.0,30.0,0.0,0.0,1,0,HIGH,DEFAULT(30.0d),0,1,Parallel,LOW,Adequate,0.0,Full Parallel Processing,Phase 1: 0 processes in parallel | Phase 2: Final assembly,Longest parallel process + assembly time,Start all parallelizable processes simultaneously → Final integration,$0,Low,HIGH,Implement parallel processing,2025-08-04,2025-09-03
IIT004,30.0,30.0,0.0,0.0,1,0,HIGH,DEFAULT(30.0d),0,1,Parallel,LOW,Adequate,0.0,Full Parallel Processing,Phase 1: 0 processes in parallel | Phase 2: Final assembly,Longest parallel process + assembly time,Start all parallelizable processes simultaneously → Final integration,$0,Low,HIGH,Implement parallel processing,2025-08-04,2025-09-03
LTI003,30.0,30.0,0.0,0.0,1,0,HIGH,DEFAULT(30.0d),0,1,Parallel,LOW,Adequate,0.0,Full Parallel Processing,Phase 1: 0 processes in parallel | Phase 2: Final assembly,Longest parallel process + assembly time,Start all parallelizable processes simultaneously → Final integration,$0,Low,HIGH,Implement parallel processing,2025-08-04,2025-09-03
MEI002,30.0,30.0,0.0,0.0,1,0,HIGH,DEFAULT(30.0d),0,1,Parallel,LOW,Excess,0.0,Full Parallel Processing,Phase 1: 0 processes in parallel | Phase 2: Final assembly,Longest parallel process + assembly time,Start all parallelizable processes simultaneously → Final integration,$0,Low,HIGH,Implement parallel processing,2025-08-04,2025-09-03
MEI003,30.0,30.0,0.0,0.0,1,0,HIGH,DEFAULT(30.0d),0,1,Parallel,LOW,Excess,0.0,Full Parallel Processing,Phase 1: 0 processes in parallel | Phase 2: Final assembly,Longest parallel process + assembly time,Start all parallelizable processes simultaneously → Final integration,$0,Low,HIGH,Implement parallel processing,2025-08-04,2025-09-03
MTU130,30.0,30.0,0.0,0.0,1,0,HIGH,DEFAULT(30.0d),0,1,Parallel,LOW,Excess,0.0,Full Parallel Processing,Phase 1: 0 processes in parallel | Phase 2: Final assembly,Longest parallel process + assembly time,Start all parallelizable processes simultaneously → Final integration,$0,Low,HIGH,Implement parallel processing,2025-08-04,2025-09-03
NAM001,30.0,30.0,0.0,0.0,1,0,HIGH,DEFAULT(30.0d),0,1,Parallel,LOW,Adequate,0.0,Full Parallel Processing,Phase 1: 0 processes in parallel | Phase 2: Final assembly,Longest parallel process + assembly time,Start all parallelizable processes simultaneously → Final integration,$0,Low,HIGH,Implement parallel processing,2025-08-04,2025-09-03
NAM002,30.0,30.0,0.0,0.0,1,0,HIGH,DEFAULT(30.0d),0,1,Parallel,LOW,Adequate,0.0,Full Parallel Processing,Phase 1: 0 processes in parallel | Phase 2: Final assembly,Longest parallel process + assembly time,Start all parallelizable processes simultaneously → Final integration,$0,Low,HIGH,Implement parallel processing,2025-08-04,2025-09-03
SIE428,30.0,30.0,0.0,0.0,1,0,HIGH,DEFAULT(30.0d),0,1,Parallel,LOW,Adequate,0.0,Full Parallel Processing,Phase 1: 0 processes in parallel | Phase 2: Final assembly,Longest parallel process + assembly time,Start all parallelizable processes simultaneously → Final integration,$0,Low,HIGH,Implement parallel processing,2025-08-04,2025-09-03
SIE450,30.0,30.0,0.0,0.0,1,0,HIGH,DEFAULT(30.0d),0,1,Parallel,LOW,Adequate,0.0,Full Parallel Processing,Phase 1: 0 processes in parallel | Phase 2: Final assembly,Longest parallel process + assembly time,Start all parallelizable processes simultaneously → Final integration,$0,Low,HIGH,Implement parallel processing,2025-08-04,2025-09-03
SIE456,30.0,30.0,0.0,0.0,1,0,HIGH,DEFAULT(30.0d),0,1,Parallel,LOW,Adequate,0.0,Full Parallel Processing,Phase 1: 0 processes in parallel | Phase 2: Final assembly,Longest parallel process + assembly time,Start all parallelizable processes simultaneously → Final integration,$0,Low,HIGH,Implement parallel processing,2025-08-04,2025-09-03
SIE462,30.0,30.0,0.0,0.0,1,0,HIGH,DEFAULT(30.0d),0,1,Parallel,LOW,Adequate,0.0,Full Parallel Processing,Phase 1: 0 processes in parallel | Phase 2: Final assembly,Longest parallel process + assembly time,Start all parallelizable processes simultaneously → Final integration,$0,Low,HIGH,Implement parallel processing,2025-08-04,2025-09-03
SIE463,30.0,30.0,0.0,0.0,1,0,HIGH,DEFAULT(30.0d),0,1,Parallel,LOW,Excess,0.0,Full Parallel Processing,Phase 1: 0 processes in parallel | Phase 2: Final assembly,Longest parallel process + assembly time,Start all parallelizable processes simultaneously → Final integration,$0,Low,HIGH,Implement parallel processing,2025-08-04,2025-09-03
SIE467,30.0,30.0,0.0,0.0,1,0,HIGH,DEFAULT(30.0d),0,1,Parallel,LOW,Adequate,0.0,Full Parallel Processing,Phase 1: 0 processes in parallel | Phase 2: Final assembly,Longest parallel process + assembly time,Start all parallelizable processes simultaneously → Final integration,$0,Low,HIGH,Implement parallel processing,2025-08-04,2025-09-03
SIE469,168.0,168.0,0.0,0.0,21,5,LOW,"MOULD(8.0d), POUR(8.0d), K_D(8.0d)",1,1,Sequential,LOW,Adequate,0.0,Optimized Sequential,Phase 1: Critical path processes | Phase 2: Supporting processes | Phase 3: Final assembly,"Bottleneck processes: MOULD(8.0d), POUR(8.0d), K_D(8.0d)",Address bottlenecks first → Supporting processes → Final assembly,$0,Low,LOW,Standard scheduling,2025-08-04,2026-01-19
SIE490,30.0,30.0,0.0,0.0,1,0,HIGH,DEFAULT(30.0d),0,1,Parallel,LOW,Adequate,0.0,Full Parallel Processing,Phase 1: 0 processes in parallel | Phase 2: Final assembly,Longest parallel process + assembly time,Start all parallelizable processes simultaneously → Final integration,$0,Low,HIGH,Implement parallel processing,2025-08-04,2025-09-03
SIE514,30.0,30.0,0.0,0.0,1,0,HIGH,DEFAULT(30.0d),0,1,Parallel,LOW,Adequate,0.0,Full Parallel Processing,Phase 1: 0 processes in parallel | Phase 2: Final assembly,Longest parallel process + assembly time,Start all parallelizable processes simultaneously → Final integration,$0,Low,HIGH,Implement parallel processing,2025-08-04,2025-09-03
SIE520,30.0,30.0,0.0,0.0,1,0,HIGH,DEFAULT(30.0d),0,1,Parallel,LOW,Adequate,0.0,Full Parallel Processing,Phase 1: 0 processes in parallel | Phase 2: Final assembly,Longest parallel process + assembly time,Start all parallelizable processes simultaneously → Final integration,$0,Low,HIGH,Implement parallel processing,2025-08-04,2025-09-03
SIE521,30.0,30.0,0.0,0.0,1,0,HIGH,DEFAULT(30.0d),0,1,Parallel,LOW,Excess,0.0,Full Parallel Processing,Phase 1: 0 processes in parallel | Phase 2: Final assembly,Longest parallel process + assembly time,Start all parallelizable processes simultaneously → Final integration,$0,Low,HIGH,Implement parallel processing,2025-08-04,2025-09-03
SIE524,30.0,30.0,0.0,0.0,1,0,HIGH,DEFAULT(30.0d),0,1,Parallel,LOW,Adequate,0.0,Full Parallel Processing,Phase 1: 0 processes in parallel | Phase 2: Final assembly,Longest parallel process + assembly time,Start all parallelizable processes simultaneously → Final integration,$0,Low,HIGH,Implement parallel processing,2025-08-04,2025-09-03
SIE525,30.0,30.0,0.0,0.0,1,0,HIGH,DEFAULT(30.0d),0,1,Parallel,LOW,Adequate,0.0,Full Parallel Processing,Phase 1: 0 processes in parallel | Phase 2: Final assembly,Longest parallel process + assembly time,Start all parallelizable processes simultaneously → Final integration,$0,Low,HIGH,Implement parallel processing,2025-08-04,2025-09-03
SIE533,30.0,30.0,0.0,0.0,1,0,HIGH,DEFAULT(30.0d),0,1,Parallel,LOW,Adequate,0.0,Full Parallel Processing,Phase 1: 0 processes in parallel | Phase 2: Final assembly,Longest parallel process + assembly time,Start all parallelizable processes simultaneously → Final integration,$0,Low,HIGH,Implement parallel processing,2025-08-04,2025-09-03
SIE571,30.0,30.0,0.0,0.0,1,0,HIGH,DEFAULT(30.0d),0,1,Parallel,LOW,Adequate,0.0,Full Parallel Processing,Phase 1: 0 processes in parallel | Phase 2: Final assembly,Longest parallel process + assembly time,Start all parallelizable processes simultaneously → Final integration,$0,Low,HIGH,Implement parallel processing,2025-08-04,2025-09-03
SIE579,30.0,30.0,0.0,0.0,1,0,HIGH,DEFAULT(30.0d),0,1,Parallel,LOW,Adequate,0.0,Full Parallel Processing,Phase 1: 0 processes in parallel | Phase 2: Final assembly,Longest parallel process + assembly time,Start all parallelizable processes simultaneously → Final integration,$0,Low,HIGH,Implement parallel processing,2025-08-04,2025-09-03
TOS011,30.0,30.0,0.0,0.0,1,0,HIGH,DEFAULT(30.0d),0,1,Parallel,LOW,Adequate,0.0,Full Parallel Processing,Phase 1: 0 processes in parallel | Phase 2: Final assembly,Longest parallel process + assembly time,Start all parallelizable processes simultaneously → Final integration,$0,Low,HIGH,Implement parallel processing,2025-08-04,2025-09-03
TOS013,315.0,315.0,0.0,0.0,21,5,LOW,"MOULD(15.0d), POUR(15.0d), K_D(15.0d)",1,1,Sequential,LOW,Adequate,0.0,Optimized Sequential,Phase 1: Critical path processes | Phase 2: Supporting processes | Phase 3: Final assembly,"Bottleneck processes: MOULD(15.0d), POUR(15.0d), K_D(15.0d)",Address bottlenecks first → Supporting processes → Final assembly,$0,Low,LOW,Standard scheduling,2025-08-04,2026-06-15
TOS014,30.0,30.0,0.0,0.0,1,0,HIGH,DEFAULT(30.0d),0,1,Parallel,LOW,Adequate,0.0,Full Parallel Processing,Phase 1: 0 processes in parallel | Phase 2: Final assembly,Longest parallel process + assembly time,Start all parallelizable processes simultaneously → Final integration,$0,Low,HIGH,Implement parallel processing,2025-08-04,2025-09-03
TOS015,30.0,30.0,0.0,0.0,1,0,HIGH,DEFAULT(30.0d),0,1,Parallel,LOW,Adequate,0.0,Full Parallel Processing,Phase 1: 0 processes in parallel | Phase 2: Final assembly,Longest parallel process + assembly time,Start all parallelizable processes simultaneously → Final integration,$0,Low,HIGH,Implement parallel processing,2025-08-04,2025-09-03
TOS016,30.0,30.0,0.0,0.0,1,0,HIGH,DEFAULT(30.0d),0,1,Parallel,LOW,Adequate,0.0,Full Parallel Processing,Phase 1: 0 processes in parallel | Phase 2: Final assembly,Longest parallel process + assembly time,Start all parallelizable processes simultaneously → Final integration,$0,Low,HIGH,Implement parallel processing,2025-08-04,2025-09-03
