ITEM_1,ITEM_2,ITEM_1_URGENCY,ITEM_2_URGENCY,ITEM_1_PROCESSES,ITEM_2_PROCESSES,ITEM_1_MACHINES,ITEM_2_MACHINES,PROCESS_CONFLICTS,MACHINE_CONFLICTS,CAN_RUN_PARALLEL,SEQUENTIAL_TIME_DAYS,PARALLEL_TIME_DAYS,TIME_SAVED_DAYS,EFFICIENCY_GAIN_PCT
ABB401,ABB420,CRITICAL,CRITICAL,Ready for Machining (OUT-DYNO),Ready for Machining (HM10),OUT-DYNO,HM10,,,True,8.0,4.0,4.0,50.0
ABB401,ABB447,CRITICAL,CRITICAL,Ready for Machining (OUT-DYNO),Ready for Machining (HM07),OUT-DYNO,HM07,,,True,8.0,4.0,4.0,50.0
ABB401,ABB449,CRITICAL,CRITICAL,Ready for Machining (OUT-DYNO),Ready for Machining (OUT-EAGLE),OUT-DYNO,OUT-EAGLE,,,True,8.0,4.0,4.0,50.0
ABB405,ABB420,CRITICAL,CRITICAL,Ready for Machining (OUT-DYNO),Ready for Machining (HM10),OUT-DYNO,HM10,,,True,8.0,4.0,4.0,50.0
ABB405,ABB447,CRITICAL,CRITICAL,Ready for Machining (OUT-DYNO),Ready for Machining (HM07),OUT-DYNO,HM07,,,True,8.0,4.0,4.0,50.0
ABB405,ABB449,CRITICAL,CRITICAL,Ready for Machining (OUT-DYNO),Ready for Machining (OUT-EAGLE),OUT-DYNO,OUT-EAGLE,,,True,8.0,4.0,4.0,50.0
ABB420,ABB447,CRITICAL,CRITICAL,Ready for Machining (HM10),Ready for Machining (HM07),HM10,HM07,,,True,8.0,4.0,4.0,50.0
ABB420,ABB449,CRITICAL,CRITICAL,Ready for Machining (HM10),Ready for Machining (OUT-EAGLE),HM10,OUT-EAGLE,,,True,8.0,4.0,4.0,50.0
ABB447,ABB449,CRITICAL,CRITICAL,Ready for Machining (HM07),Ready for Machining (OUT-EAGLE),HM07,OUT-EAGLE,,,True,8.0,4.0,4.0,50.0
ABB402,ABB420,CRITICAL,CRITICAL,"Ready for Machining (OUT-DYNO), 9.58438, 193, 49.66, 2, 70",Ready for Machining (HM10),"OUT-DYNO, GENERAL",HM10,,,True,17.7,13.7,4.0,22.6
ABB402,ABB447,CRITICAL,CRITICAL,"Ready for Machining (OUT-DYNO), 9.58438, 193, 49.66, 2, 70",Ready for Machining (HM07),"OUT-DYNO, GENERAL",HM07,,,True,17.7,13.7,4.0,22.6
ABB402,ABB449,CRITICAL,CRITICAL,"Ready for Machining (OUT-DYNO), 9.58438, 193, 49.66, 2, 70",Ready for Machining (OUT-EAGLE),"OUT-DYNO, GENERAL",OUT-EAGLE,,,True,17.7,13.7,4.0,22.6
ABB401,ABB439,CRITICAL,CRITICAL,Ready for Machining (OUT-DYNO),"100, 154, Ready for Machining (HM02), 9.58438, 193, 49.66, 17, 70",OUT-DYNO,"HM02, GENERAL",,,True,21.6,17.6,4.0,18.52
ABB405,ABB439,CRITICAL,CRITICAL,Ready for Machining (OUT-DYNO),"100, 154, Ready for Machining (HM02), 9.58438, 193, 49.66, 17, 70",OUT-DYNO,"HM02, GENERAL",,,True,21.6,17.6,4.0,18.52
ABB420,ABB439,CRITICAL,CRITICAL,Ready for Machining (HM10),"100, 154, Ready for Machining (HM02), 9.58438, 193, 49.66, 17, 70",HM10,"HM02, GENERAL",,,True,21.6,17.6,4.0,18.52
ABB439,ABB447,CRITICAL,CRITICAL,"100, 154, Ready for Machining (HM02), 9.58438, 193, 49.66, 17, 70",Ready for Machining (HM07),"HM02, GENERAL",HM07,,,True,21.6,17.6,4.0,18.52
ABB439,ABB449,CRITICAL,CRITICAL,"100, 154, Ready for Machining (HM02), 9.58438, 193, 49.66, 17, 70",Ready for Machining (OUT-EAGLE),"HM02, GENERAL",OUT-EAGLE,,,True,21.6,17.6,4.0,18.52
ABB401,ABB448,CRITICAL,CRITICAL,Ready for Machining (OUT-DYNO),"110, 80, Ready for Machining (HM10), 154, 50, 9.58438, 193, 60, 49.66, 4, 17",OUT-DYNO,"HM10, GENERAL",,,True,27.4,23.4,4.0,14.6
ABB405,ABB448,CRITICAL,CRITICAL,Ready for Machining (OUT-DYNO),"110, 80, Ready for Machining (HM10), 154, 50, 9.58438, 193, 60, 49.66, 4, 17",OUT-DYNO,"HM10, GENERAL",,,True,27.4,23.4,4.0,14.6
ABB447,ABB448,CRITICAL,CRITICAL,Ready for Machining (HM07),"110, 80, Ready for Machining (HM10), 154, 50, 9.58438, 193, 60, 49.66, 4, 17",HM07,"HM10, GENERAL",,,True,27.4,23.4,4.0,14.6
ABB448,ABB449,CRITICAL,CRITICAL,"110, 80, Ready for Machining (HM10), 154, 50, 9.58438, 193, 60, 49.66, 4, 17",Ready for Machining (OUT-EAGLE),"HM10, GENERAL",OUT-EAGLE,,,True,27.4,23.4,4.0,14.6
ABB401,ABB435,CRITICAL,CRITICAL,Ready for Machining (OUT-DYNO),"Ready for Machining (HM07), 110, 80, 154, 2, 9.58438, 193, 60, 49.66, 4, 17, 70",OUT-DYNO,"GENERAL, HM07",,,True,29.4,25.4,4.0,13.61
ABB401,ABB457,CRITICAL,CRITICAL,Ready for Machining (OUT-DYNO),"110, 90, 17, 2, 9.58438, 193, 40, 49.66, Ready for Machining (SANPOWER), 4, 100, 70",OUT-DYNO,"SANPOWER, GENERAL",,,True,29.4,25.4,4.0,13.61
ABB405,ABB435,CRITICAL,CRITICAL,Ready for Machining (OUT-DYNO),"Ready for Machining (HM07), 110, 80, 154, 2, 9.58438, 193, 60, 49.66, 4, 17, 70",OUT-DYNO,"GENERAL, HM07",,,True,29.4,25.4,4.0,13.61
ABB405,ABB457,CRITICAL,CRITICAL,Ready for Machining (OUT-DYNO),"110, 90, 17, 2, 9.58438, 193, 40, 49.66, Ready for Machining (SANPOWER), 4, 100, 70",OUT-DYNO,"SANPOWER, GENERAL",,,True,29.4,25.4,4.0,13.61
ABB420,ABB435,CRITICAL,CRITICAL,Ready for Machining (HM10),"Ready for Machining (HM07), 110, 80, 154, 2, 9.58438, 193, 60, 49.66, 4, 17, 70",HM10,"GENERAL, HM07",,,True,29.4,25.4,4.0,13.61
ABB420,ABB457,CRITICAL,CRITICAL,Ready for Machining (HM10),"110, 90, 17, 2, 9.58438, 193, 40, 49.66, Ready for Machining (SANPOWER), 4, 100, 70",HM10,"SANPOWER, GENERAL",,,True,29.4,25.4,4.0,13.61
ABB435,ABB449,CRITICAL,CRITICAL,"Ready for Machining (HM07), 110, 80, 154, 2, 9.58438, 193, 60, 49.66, 4, 17, 70",Ready for Machining (OUT-EAGLE),"GENERAL, HM07",OUT-EAGLE,,,True,29.4,25.4,4.0,13.61
ABB447,ABB457,CRITICAL,CRITICAL,Ready for Machining (HM07),"110, 90, 17, 2, 9.58438, 193, 40, 49.66, Ready for Machining (SANPOWER), 4, 100, 70",HM07,"SANPOWER, GENERAL",,,True,29.4,25.4,4.0,13.61
ABB449,ABB457,CRITICAL,CRITICAL,Ready for Machining (OUT-EAGLE),"110, 90, 17, 2, 9.58438, 193, 40, 49.66, Ready for Machining (SANPOWER), 4, 100, 70",OUT-EAGLE,"SANPOWER, GENERAL",,,True,29.4,25.4,4.0,13.61
ABB401,ABB456,CRITICAL,CRITICAL,Ready for Machining (OUT-DYNO),"Ready for Machining (HM07), 110, 80, 154, 2, 50, 9.58438, 193, 60, 40, 49.66, 4, 17, 70",OUT-DYNO,"GENERAL, HM07",,,True,33.3,29.3,4.0,12.01
ABB405,ABB456,CRITICAL,CRITICAL,Ready for Machining (OUT-DYNO),"Ready for Machining (HM07), 110, 80, 154, 2, 50, 9.58438, 193, 60, 40, 49.66, 4, 17, 70",OUT-DYNO,"GENERAL, HM07",,,True,33.3,29.3,4.0,12.01
ABB420,ABB456,CRITICAL,CRITICAL,Ready for Machining (HM10),"Ready for Machining (HM07), 110, 80, 154, 2, 50, 9.58438, 193, 60, 40, 49.66, 4, 17, 70",HM10,"GENERAL, HM07",,,True,33.3,29.3,4.0,12.01
ABB449,ABB456,CRITICAL,CRITICAL,Ready for Machining (OUT-EAGLE),"Ready for Machining (HM07), 110, 80, 154, 2, 50, 9.58438, 193, 60, 40, 49.66, 4, 17, 70",OUT-EAGLE,"GENERAL, HM07",,,True,33.3,29.3,4.0,12.01
ABB401,ABB429,CRITICAL,CRITICAL,Ready for Machining (OUT-DYNO),"110, 80, 154, 120, 70, Ready for Machining (HM02), 2, 9.58438, 193, 60, 40, 140, 49.66, 1, 4, 17, 130",OUT-DYNO,"HM02, GENERAL",,,True,39.1,35.1,4.0,10.23
ABB405,ABB429,CRITICAL,CRITICAL,Ready for Machining (OUT-DYNO),"110, 80, 154, 120, 70, Ready for Machining (HM02), 2, 9.58438, 193, 60, 40, 140, 49.66, 1, 4, 17, 130",OUT-DYNO,"HM02, GENERAL",,,True,39.1,35.1,4.0,10.23
ABB420,ABB429,CRITICAL,CRITICAL,Ready for Machining (HM10),"110, 80, 154, 120, 70, Ready for Machining (HM02), 2, 9.58438, 193, 60, 40, 140, 49.66, 1, 4, 17, 130",HM10,"HM02, GENERAL",,,True,39.1,35.1,4.0,10.23
ABB429,ABB447,CRITICAL,CRITICAL,"110, 80, 154, 120, 70, Ready for Machining (HM02), 2, 9.58438, 193, 60, 40, 140, 49.66, 1, 4, 17, 130",Ready for Machining (HM07),"HM02, GENERAL",HM07,,,True,39.1,35.1,4.0,10.23
ABB429,ABB449,CRITICAL,CRITICAL,"110, 80, 154, 120, 70, Ready for Machining (HM02), 2, 9.58438, 193, 60, 40, 140, 49.66, 1, 4, 17, 130",Ready for Machining (OUT-EAGLE),"HM02, GENERAL",OUT-EAGLE,,,True,39.1,35.1,4.0,10.23
SIE469,ABB401,CRITICAL,CRITICAL,"110, 80, 154, 17, 70, 2, 9.58438, 193, 60, 40, 49.66, 4, 90, Ready for Machining (OUT-EAGLE)",Ready for Machining (OUT-DYNO),"OUT-EAGLE, GENERAL",OUT-DYNO,,,True,172.0,168.0,4.0,2.33
SIE469,ABB405,CRITICAL,CRITICAL,"110, 80, 154, 17, 70, 2, 9.58438, 193, 60, 40, 49.66, 4, 90, Ready for Machining (OUT-EAGLE)",Ready for Machining (OUT-DYNO),"OUT-EAGLE, GENERAL",OUT-DYNO,,,True,172.0,168.0,4.0,2.33
SIE469,ABB420,CRITICAL,CRITICAL,"110, 80, 154, 17, 70, 2, 9.58438, 193, 60, 40, 49.66, 4, 90, Ready for Machining (OUT-EAGLE)",Ready for Machining (HM10),"OUT-EAGLE, GENERAL",HM10,,,True,172.0,168.0,4.0,2.33
SIE469,ABB447,CRITICAL,CRITICAL,"110, 80, 154, 17, 70, 2, 9.58438, 193, 60, 40, 49.66, 4, 90, Ready for Machining (OUT-EAGLE)",Ready for Machining (HM07),"OUT-EAGLE, GENERAL",HM07,,,True,172.0,168.0,4.0,2.33
ARE255,ABB401,CRITICAL,CRITICAL,"110, 80, 154, 2, Ready for Machining (HM02), 50, 9.58438, 193, 60, 49.66, 10, 4, 17, 70",Ready for Machining (OUT-DYNO),"HM02, GENERAL",OUT-DYNO,,,True,232.0,228.0,4.0,1.72
ARE255,ABB405,CRITICAL,CRITICAL,"110, 80, 154, 2, Ready for Machining (HM02), 50, 9.58438, 193, 60, 49.66, 10, 4, 17, 70",Ready for Machining (OUT-DYNO),"HM02, GENERAL",OUT-DYNO,,,True,232.0,228.0,4.0,1.72
ARE255,ABB420,CRITICAL,CRITICAL,"110, 80, 154, 2, Ready for Machining (HM02), 50, 9.58438, 193, 60, 49.66, 10, 4, 17, 70",Ready for Machining (HM10),"HM02, GENERAL",HM10,,,True,232.0,228.0,4.0,1.72
ARE255,ABB447,CRITICAL,CRITICAL,"110, 80, 154, 2, Ready for Machining (HM02), 50, 9.58438, 193, 60, 49.66, 10, 4, 17, 70",Ready for Machining (HM07),"HM02, GENERAL",HM07,,,True,232.0,228.0,4.0,1.72
ARE255,ABB449,CRITICAL,CRITICAL,"110, 80, 154, 2, Ready for Machining (HM02), 50, 9.58438, 193, 60, 49.66, 10, 4, 17, 70",Ready for Machining (OUT-EAGLE),"HM02, GENERAL",OUT-EAGLE,,,True,232.0,228.0,4.0,1.72
ARE330,ABB401,CRITICAL,CRITICAL,"110, 80, 154, 2, Ready for Machining (HM05), 9.58438, 193, 60, 40, 140, 49.66, 1, 4, 17, 70",Ready for Machining (OUT-DYNO),"HM05, GENERAL",OUT-DYNO,,,True,232.0,228.0,4.0,1.72
ARE330,ABB405,CRITICAL,CRITICAL,"110, 80, 154, 2, Ready for Machining (HM05), 9.58438, 193, 60, 40, 140, 49.66, 1, 4, 17, 70",Ready for Machining (OUT-DYNO),"HM05, GENERAL",OUT-DYNO,,,True,232.0,228.0,4.0,1.72
ARE330,ABB420,CRITICAL,CRITICAL,"110, 80, 154, 2, Ready for Machining (HM05), 9.58438, 193, 60, 40, 140, 49.66, 1, 4, 17, 70",Ready for Machining (HM10),"HM05, GENERAL",HM10,,,True,232.0,228.0,4.0,1.72
ARE330,ABB447,CRITICAL,CRITICAL,"110, 80, 154, 2, Ready for Machining (HM05), 9.58438, 193, 60, 40, 140, 49.66, 1, 4, 17, 70",Ready for Machining (HM07),"HM05, GENERAL",HM07,,,True,232.0,228.0,4.0,1.72
ARE330,ABB449,CRITICAL,CRITICAL,"110, 80, 154, 2, Ready for Machining (HM05), 9.58438, 193, 60, 40, 140, 49.66, 1, 4, 17, 70",Ready for Machining (OUT-EAGLE),"HM05, GENERAL",OUT-EAGLE,,,True,232.0,228.0,4.0,1.72
HYO025,ABB420,CRITICAL,CRITICAL,"4, 110, 80, 154, Ready for Machining (OUT-DYNO), 17, 2, 50, 9.58438, 193, 60, 40, 49.66, 20, 1, 100, 70",Ready for Machining (HM10),"OUT-DYNO, GENERAL",HM10,,,True,232.0,228.0,4.0,1.72
HYO025,ABB447,CRITICAL,CRITICAL,"4, 110, 80, 154, Ready for Machining (OUT-DYNO), 17, 2, 50, 9.58438, 193, 60, 40, 49.66, 20, 1, 100, 70",Ready for Machining (HM07),"OUT-DYNO, GENERAL",HM07,,,True,232.0,228.0,4.0,1.72
HYO025,ABB449,CRITICAL,CRITICAL,"4, 110, 80, 154, Ready for Machining (OUT-DYNO), 17, 2, 50, 9.58438, 193, 60, 40, 49.66, 20, 1, 100, 70",Ready for Machining (OUT-EAGLE),"OUT-DYNO, GENERAL",OUT-EAGLE,,,True,232.0,228.0,4.0,1.72
HYO026,ABB420,CRITICAL,CRITICAL,"100, 4, 154, 17, Ready for Machining (OUT-DYNO), 30, 50, 2, 9.58438, 193, 60, 49.66, 1, 20, 70",Ready for Machining (HM10),"OUT-DYNO, GENERAL",HM10,,,True,232.0,228.0,4.0,1.72
HYO026,ABB447,CRITICAL,CRITICAL,"100, 4, 154, 17, Ready for Machining (OUT-DYNO), 30, 50, 2, 9.58438, 193, 60, 49.66, 1, 20, 70",Ready for Machining (HM07),"OUT-DYNO, GENERAL",HM07,,,True,232.0,228.0,4.0,1.72
HYO026,ABB449,CRITICAL,CRITICAL,"100, 4, 154, 17, Ready for Machining (OUT-DYNO), 30, 50, 2, 9.58438, 193, 60, 49.66, 1, 20, 70",Ready for Machining (OUT-EAGLE),"OUT-DYNO, GENERAL",OUT-EAGLE,,,True,232.0,228.0,4.0,1.72
ABB373,ABB401,CRITICAL,CRITICAL,"100, 110, 80, 30, 50, 70, 60, 40, 140, 20, Ready for Machining (HM01), 90, 130",Ready for Machining (OUT-DYNO),"GENERAL, HM01",OUT-DYNO,,,True,268.0,264.0,4.0,1.49
ABB373,ABB405,CRITICAL,CRITICAL,"100, 110, 80, 30, 50, 70, 60, 40, 140, 20, Ready for Machining (HM01), 90, 130",Ready for Machining (OUT-DYNO),"GENERAL, HM01",OUT-DYNO,,,True,268.0,264.0,4.0,1.49
ABB373,ABB420,CRITICAL,CRITICAL,"100, 110, 80, 30, 50, 70, 60, 40, 140, 20, Ready for Machining (HM01), 90, 130",Ready for Machining (HM10),"GENERAL, HM01",HM10,,,True,268.0,264.0,4.0,1.49
ABB373,ABB447,CRITICAL,CRITICAL,"100, 110, 80, 30, 50, 70, 60, 40, 140, 20, Ready for Machining (HM01), 90, 130",Ready for Machining (HM07),"GENERAL, HM01",HM07,,,True,268.0,264.0,4.0,1.49
ABB373,ABB449,CRITICAL,CRITICAL,"100, 110, 80, 30, 50, 70, 60, 40, 140, 20, Ready for Machining (HM01), 90, 130",Ready for Machining (OUT-EAGLE),"GENERAL, HM01",OUT-EAGLE,,,True,268.0,264.0,4.0,1.49
TOS013,ABB420,CRITICAL,CRITICAL,"4, 154, 80, Ready for Machining (OUT-DYNO), 30, 50, 2, 9.58438, 193, 60, 49.66, 1, 20, 70",Ready for Machining (HM10),"OUT-DYNO, GENERAL",HM10,,,True,319.0,315.0,4.0,1.25
TOS013,ABB447,CRITICAL,CRITICAL,"4, 154, 80, Ready for Machining (OUT-DYNO), 30, 50, 2, 9.58438, 193, 60, 49.66, 1, 20, 70",Ready for Machining (HM07),"OUT-DYNO, GENERAL",HM07,,,True,319.0,315.0,4.0,1.25
TOS013,ABB449,CRITICAL,CRITICAL,"4, 154, 80, Ready for Machining (OUT-DYNO), 30, 50, 2, 9.58438, 193, 60, 49.66, 1, 20, 70",Ready for Machining (OUT-EAGLE),"OUT-DYNO, GENERAL",OUT-EAGLE,,,True,319.0,315.0,4.0,1.25
ABB436,ABB401,CRITICAL,CRITICAL,"110, 80, 154, 17, 9.58438, 193, 49.66, 2, Ready for Machining (HM01), 100",Ready for Machining (OUT-DYNO),"GENERAL, HM01",OUT-DYNO,,,True,349.0,345.0,4.0,1.15
ABB436,ABB405,CRITICAL,CRITICAL,"110, 80, 154, 17, 9.58438, 193, 49.66, 2, Ready for Machining (HM01), 100",Ready for Machining (OUT-DYNO),"GENERAL, HM01",OUT-DYNO,,,True,349.0,345.0,4.0,1.15
ABB436,ABB420,CRITICAL,CRITICAL,"110, 80, 154, 17, 9.58438, 193, 49.66, 2, Ready for Machining (HM01), 100",Ready for Machining (HM10),"GENERAL, HM01",HM10,,,True,349.0,345.0,4.0,1.15
ABB436,ABB447,CRITICAL,CRITICAL,"110, 80, 154, 17, 9.58438, 193, 49.66, 2, Ready for Machining (HM01), 100",Ready for Machining (HM07),"GENERAL, HM01",HM07,,,True,349.0,345.0,4.0,1.15
ABB436,ABB449,CRITICAL,CRITICAL,"110, 80, 154, 17, 9.58438, 193, 49.66, 2, Ready for Machining (HM01), 100",Ready for Machining (OUT-EAGLE),"GENERAL, HM01",OUT-EAGLE,,,True,349.0,345.0,4.0,1.15
ARE255,ARE330,CRITICAL,CRITICAL,"110, 80, 154, 2, Ready for Machining (HM02), 50, 9.58438, 193, 60, 49.66, 10, 4, 17, 70","110, 80, 154, 2, Ready for Machining (HM05), 9.58438, 193, 60, 40, 140, 49.66, 1, 4, 17, 70","HM02, GENERAL","HM05, GENERAL","154, 110, 80, 2, 9.58438, 193, 60, 49.66, 4, 17, 70",,False,456.0,228.0,228.0,50.0
ARE255,HYO025,CRITICAL,CRITICAL,"110, 80, 154, 2, Ready for Machining (HM02), 50, 9.58438, 193, 60, 49.66, 10, 4, 17, 70","4, 110, 80, 154, Ready for Machining (OUT-DYNO), 17, 2, 50, 9.58438, 193, 60, 40, 49.66, 20, 1, 100, 70","HM02, GENERAL","OUT-DYNO, GENERAL","154, 110, 80, 2, 50, 9.58438, 193, 60, 49.66, 4, 17, 70",,False,456.0,228.0,228.0,50.0
ARE255,HYO026,CRITICAL,CRITICAL,"110, 80, 154, 2, Ready for Machining (HM02), 50, 9.58438, 193, 60, 49.66, 10, 4, 17, 70","100, 4, 154, 17, Ready for Machining (OUT-DYNO), 30, 50, 2, 9.58438, 193, 60, 49.66, 1, 20, 70","HM02, GENERAL","OUT-DYNO, GENERAL","154, 2, 50, 9.58438, 193, 60, 49.66, 4, 17, 70",,False,456.0,228.0,228.0,50.0
ARE330,HYO025,CRITICAL,CRITICAL,"110, 80, 154, 2, Ready for Machining (HM05), 9.58438, 193, 60, 40, 140, 49.66, 1, 4, 17, 70","4, 110, 80, 154, Ready for Machining (OUT-DYNO), 17, 2, 50, 9.58438, 193, 60, 40, 49.66, 20, 1, 100, 70","HM05, GENERAL","OUT-DYNO, GENERAL","154, 110, 80, 2, 9.58438, 193, 60, 40, 49.66, 1, 4, 17, 70",,False,456.0,228.0,228.0,50.0
ARE330,HYO026,CRITICAL,CRITICAL,"110, 80, 154, 2, Ready for Machining (HM05), 9.58438, 193, 60, 40, 140, 49.66, 1, 4, 17, 70","100, 4, 154, 17, Ready for Machining (OUT-DYNO), 30, 50, 2, 9.58438, 193, 60, 49.66, 1, 20, 70","HM05, GENERAL","OUT-DYNO, GENERAL","4, 154, 9.58438, 193, 60, 49.66, 1, 2, 17, 70",,False,456.0,228.0,228.0,50.0
HYO025,HYO026,CRITICAL,CRITICAL,"4, 110, 80, 154, Ready for Machining (OUT-DYNO), 17, 2, 50, 9.58438, 193, 60, 40, 49.66, 20, 1, 100, 70","100, 4, 154, 17, Ready for Machining (OUT-DYNO), 30, 50, 2, 9.58438, 193, 60, 49.66, 1, 20, 70","OUT-DYNO, GENERAL","OUT-DYNO, GENERAL","4, 154, 17, Ready for Machining (OUT-DYNO), 50, 9.58438, 193, 60, 49.66, 1, 20, 2, 100, 70","OUT-DYNO, GENERAL",False,456.0,228.0,228.0,50.0
ABB435,ABB457,CRITICAL,CRITICAL,"Ready for Machining (HM07), 110, 80, 154, 2, 9.58438, 193, 60, 49.66, 4, 17, 70","110, 90, 17, 2, 9.58438, 193, 40, 49.66, Ready for Machining (SANPOWER), 4, 100, 70","GENERAL, HM07","SANPOWER, GENERAL","110, 2, 9.58438, 193, 49.66, 4, 17, 70",,False,50.8,25.4,25.4,50.0
ABB401,ABB405,CRITICAL,CRITICAL,Ready for Machining (OUT-DYNO),Ready for Machining (OUT-DYNO),OUT-DYNO,OUT-DYNO,Ready for Machining (OUT-DYNO),OUT-DYNO,False,8.0,4.0,4.0,50.0
ABB435,ABB448,CRITICAL,CRITICAL,"Ready for Machining (HM07), 110, 80, 154, 2, 9.58438, 193, 60, 49.66, 4, 17, 70","110, 80, Ready for Machining (HM10), 154, 50, 9.58438, 193, 60, 49.66, 4, 17","GENERAL, HM07","HM10, GENERAL","154, 110, 80, 9.58438, 193, 60, 49.66, 4, 17",,False,48.8,25.4,23.4,47.95
ABB448,ABB457,CRITICAL,CRITICAL,"110, 80, Ready for Machining (HM10), 154, 50, 9.58438, 193, 60, 49.66, 4, 17","110, 90, 17, 2, 9.58438, 193, 40, 49.66, Ready for Machining (SANPOWER), 4, 100, 70","HM10, GENERAL","SANPOWER, GENERAL","110, 9.58438, 193, 49.66, 4, 17",,False,48.8,25.4,23.4,47.95
ABB436,TOS013,CRITICAL,CRITICAL,"110, 80, 154, 17, 9.58438, 193, 49.66, 2, Ready for Machining (HM01), 100","4, 154, 80, Ready for Machining (OUT-DYNO), 30, 50, 2, 9.58438, 193, 60, 49.66, 1, 20, 70","GENERAL, HM01","OUT-DYNO, GENERAL","154, 80, 9.58438, 193, 49.66, 2",,False,660.0,345.0,315.0,47.73
ABB435,ABB456,CRITICAL,CRITICAL,"Ready for Machining (HM07), 110, 80, 154, 2, 9.58438, 193, 60, 49.66, 4, 17, 70","Ready for Machining (HM07), 110, 80, 154, 2, 50, 9.58438, 193, 60, 40, 49.66, 4, 17, 70","GENERAL, HM07","GENERAL, HM07","Ready for Machining (HM07), 110, 80, 154, 2, 9.58438, 193, 60, 49.66, 4, 17, 70","HM07, GENERAL",False,54.7,29.3,25.4,46.44
ABB456,ABB457,CRITICAL,CRITICAL,"Ready for Machining (HM07), 110, 80, 154, 2, 50, 9.58438, 193, 60, 40, 49.66, 4, 17, 70","110, 90, 17, 2, 9.58438, 193, 40, 49.66, Ready for Machining (SANPOWER), 4, 100, 70","GENERAL, HM07","SANPOWER, GENERAL","110, 2, 9.58438, 193, 40, 49.66, 4, 17, 70",,False,54.7,29.3,25.4,46.44
ABB373,ARE255,CRITICAL,CRITICAL,"100, 110, 80, 30, 50, 70, 60, 40, 140, 20, Ready for Machining (HM01), 90, 130","110, 80, 154, 2, Ready for Machining (HM02), 50, 9.58438, 193, 60, 49.66, 10, 4, 17, 70","GENERAL, HM01","HM02, GENERAL","110, 80, 50, 60, 70",,False,492.0,264.0,228.0,46.34
ABB373,ARE330,CRITICAL,CRITICAL,"100, 110, 80, 30, 50, 70, 60, 40, 140, 20, Ready for Machining (HM01), 90, 130","110, 80, 154, 2, Ready for Machining (HM05), 9.58438, 193, 60, 40, 140, 49.66, 1, 4, 17, 70","GENERAL, HM01","HM05, GENERAL","110, 80, 60, 40, 140, 70",,False,492.0,264.0,228.0,46.34
ABB373,HYO025,CRITICAL,CRITICAL,"100, 110, 80, 30, 50, 70, 60, 40, 140, 20, Ready for Machining (HM01), 90, 130","4, 110, 80, 154, Ready for Machining (OUT-DYNO), 17, 2, 50, 9.58438, 193, 60, 40, 49.66, 20, 1, 100, 70","GENERAL, HM01","OUT-DYNO, GENERAL","100, 110, 80, 50, 60, 40, 20, 70",,False,492.0,264.0,228.0,46.34
ABB373,HYO026,CRITICAL,CRITICAL,"100, 110, 80, 30, 50, 70, 60, 40, 140, 20, Ready for Machining (HM01), 90, 130","100, 4, 154, 17, Ready for Machining (OUT-DYNO), 30, 50, 2, 9.58438, 193, 60, 49.66, 1, 20, 70","GENERAL, HM01","OUT-DYNO, GENERAL","30, 50, 60, 20, 100, 70",,False,492.0,264.0,228.0,46.34
TOS013,ABB373,CRITICAL,CRITICAL,"4, 154, 80, Ready for Machining (OUT-DYNO), 30, 50, 2, 9.58438, 193, 60, 49.66, 1, 20, 70","100, 110, 80, 30, 50, 70, 60, 40, 140, 20, Ready for Machining (HM01), 90, 130","OUT-DYNO, GENERAL","GENERAL, HM01","80, 30, 50, 60, 20, 70",,False,579.0,315.0,264.0,45.6
ABB429,ABB456,CRITICAL,CRITICAL,"110, 80, 154, 120, 70, Ready for Machining (HM02), 2, 9.58438, 193, 60, 40, 140, 49.66, 1, 4, 17, 130","Ready for Machining (HM07), 110, 80, 154, 2, 50, 9.58438, 193, 60, 40, 49.66, 4, 17, 70","HM02, GENERAL","GENERAL, HM07","154, 110, 80, 2, 9.58438, 193, 60, 40, 49.66, 4, 17, 70",,False,64.4,35.1,29.3,45.5
ABB448,ABB456,CRITICAL,CRITICAL,"110, 80, Ready for Machining (HM10), 154, 50, 9.58438, 193, 60, 49.66, 4, 17","Ready for Machining (HM07), 110, 80, 154, 2, 50, 9.58438, 193, 60, 40, 49.66, 4, 17, 70","HM10, GENERAL","GENERAL, HM07","154, 110, 80, 50, 9.58438, 193, 60, 49.66, 4, 17",,False,52.7,29.3,23.4,44.4
ABB402,ABB439,CRITICAL,CRITICAL,"Ready for Machining (OUT-DYNO), 9.58438, 193, 49.66, 2, 70","100, 154, Ready for Machining (HM02), 9.58438, 193, 49.66, 17, 70","OUT-DYNO, GENERAL","HM02, GENERAL","49.66, 9.58438, 193, 70",,False,31.3,17.6,13.7,43.77
ABB436,ABB373,CRITICAL,CRITICAL,"110, 80, 154, 17, 9.58438, 193, 49.66, 2, Ready for Machining (HM01), 100","100, 110, 80, 30, 50, 70, 60, 40, 140, 20, Ready for Machining (HM01), 90, 130","GENERAL, HM01","GENERAL, HM01","110, 80, Ready for Machining (HM01), 100","GENERAL, HM01",False,609.0,345.0,264.0,43.35
ABB439,ABB448,CRITICAL,CRITICAL,"100, 154, Ready for Machining (HM02), 9.58438, 193, 49.66, 17, 70","110, 80, Ready for Machining (HM10), 154, 50, 9.58438, 193, 60, 49.66, 4, 17","HM02, GENERAL","HM10, GENERAL","154, 9.58438, 193, 49.66, 17",,False,41.0,23.4,17.6,42.93
ARE255,SIE469,CRITICAL,CRITICAL,"110, 80, 154, 2, Ready for Machining (HM02), 50, 9.58438, 193, 60, 49.66, 10, 4, 17, 70","110, 80, 154, 17, 70, 2, 9.58438, 193, 60, 40, 49.66, 4, 90, Ready for Machining (OUT-EAGLE)","HM02, GENERAL","OUT-EAGLE, GENERAL","154, 110, 80, 2, 9.58438, 193, 60, 49.66, 4, 17, 70",,False,396.0,228.0,168.0,42.42
ARE330,SIE469,CRITICAL,CRITICAL,"110, 80, 154, 2, Ready for Machining (HM05), 9.58438, 193, 60, 40, 140, 49.66, 1, 4, 17, 70","110, 80, 154, 17, 70, 2, 9.58438, 193, 60, 40, 49.66, 4, 90, Ready for Machining (OUT-EAGLE)","HM05, GENERAL","OUT-EAGLE, GENERAL","154, 110, 80, 2, 9.58438, 193, 60, 40, 49.66, 4, 17, 70",,False,396.0,228.0,168.0,42.42
HYO025,SIE469,CRITICAL,CRITICAL,"4, 110, 80, 154, Ready for Machining (OUT-DYNO), 17, 2, 50, 9.58438, 193, 60, 40, 49.66, 20, 1, 100, 70","110, 80, 154, 17, 70, 2, 9.58438, 193, 60, 40, 49.66, 4, 90, Ready for Machining (OUT-EAGLE)","OUT-DYNO, GENERAL","OUT-EAGLE, GENERAL","154, 110, 80, 2, 9.58438, 193, 60, 40, 49.66, 4, 17, 70",,False,396.0,228.0,168.0,42.42
HYO026,SIE469,CRITICAL,CRITICAL,"100, 4, 154, 17, Ready for Machining (OUT-DYNO), 30, 50, 2, 9.58438, 193, 60, 49.66, 1, 20, 70","110, 80, 154, 17, 70, 2, 9.58438, 193, 60, 40, 49.66, 4, 90, Ready for Machining (OUT-EAGLE)","OUT-DYNO, GENERAL","OUT-EAGLE, GENERAL","154, 2, 9.58438, 193, 60, 49.66, 4, 17, 70",,False,396.0,228.0,168.0,42.42
TOS013,ARE255,CRITICAL,CRITICAL,"4, 154, 80, Ready for Machining (OUT-DYNO), 30, 50, 2, 9.58438, 193, 60, 49.66, 1, 20, 70","110, 80, 154, 2, Ready for Machining (HM02), 50, 9.58438, 193, 60, 49.66, 10, 4, 17, 70","OUT-DYNO, GENERAL","HM02, GENERAL","154, 80, 2, 50, 9.58438, 193, 60, 49.66, 4, 70",,False,543.0,315.0,228.0,41.99
TOS013,ARE330,CRITICAL,CRITICAL,"4, 154, 80, Ready for Machining (OUT-DYNO), 30, 50, 2, 9.58438, 193, 60, 49.66, 1, 20, 70","110, 80, 154, 2, Ready for Machining (HM05), 9.58438, 193, 60, 40, 140, 49.66, 1, 4, 17, 70","OUT-DYNO, GENERAL","HM05, GENERAL","4, 154, 80, 9.58438, 193, 60, 49.66, 1, 2, 70",,False,543.0,315.0,228.0,41.99
TOS013,HYO025,CRITICAL,CRITICAL,"4, 154, 80, Ready for Machining (OUT-DYNO), 30, 50, 2, 9.58438, 193, 60, 49.66, 1, 20, 70","4, 110, 80, 154, Ready for Machining (OUT-DYNO), 17, 2, 50, 9.58438, 193, 60, 40, 49.66, 20, 1, 100, 70","OUT-DYNO, GENERAL","OUT-DYNO, GENERAL","4, 154, 80, Ready for Machining (OUT-DYNO), 50, 9.58438, 193, 60, 49.66, 1, 2, 20, 70","OUT-DYNO, GENERAL",False,543.0,315.0,228.0,41.99
TOS013,HYO026,CRITICAL,CRITICAL,"4, 154, 80, Ready for Machining (OUT-DYNO), 30, 50, 2, 9.58438, 193, 60, 49.66, 1, 20, 70","100, 4, 154, 17, Ready for Machining (OUT-DYNO), 30, 50, 2, 9.58438, 193, 60, 49.66, 1, 20, 70","OUT-DYNO, GENERAL","OUT-DYNO, GENERAL","4, 154, Ready for Machining (OUT-DYNO), 30, 50, 9.58438, 193, 60, 49.66, 1, 2, 20, 70","OUT-DYNO, GENERAL",False,543.0,315.0,228.0,41.99
ABB429,ABB435,CRITICAL,CRITICAL,"110, 80, 154, 120, 70, Ready for Machining (HM02), 2, 9.58438, 193, 60, 40, 140, 49.66, 1, 4, 17, 130","Ready for Machining (HM07), 110, 80, 154, 2, 9.58438, 193, 60, 49.66, 4, 17, 70","HM02, GENERAL","GENERAL, HM07","154, 110, 80, 2, 9.58438, 193, 60, 49.66, 4, 17, 70",,False,60.5,35.1,25.4,41.98
ABB429,ABB457,CRITICAL,CRITICAL,"110, 80, 154, 120, 70, Ready for Machining (HM02), 2, 9.58438, 193, 60, 40, 140, 49.66, 1, 4, 17, 130","110, 90, 17, 2, 9.58438, 193, 40, 49.66, Ready for Machining (SANPOWER), 4, 100, 70","HM02, GENERAL","SANPOWER, GENERAL","110, 2, 9.58438, 193, 40, 49.66, 4, 17, 70",,False,60.5,35.1,25.4,41.98
ABB435,ABB439,CRITICAL,CRITICAL,"Ready for Machining (HM07), 110, 80, 154, 2, 9.58438, 193, 60, 49.66, 4, 17, 70","100, 154, Ready for Machining (HM02), 9.58438, 193, 49.66, 17, 70","GENERAL, HM07","HM02, GENERAL","154, 9.58438, 193, 49.66, 17, 70",,False,43.0,25.4,17.6,40.93
ABB439,ABB457,CRITICAL,CRITICAL,"100, 154, Ready for Machining (HM02), 9.58438, 193, 49.66, 17, 70","110, 90, 17, 2, 9.58438, 193, 40, 49.66, Ready for Machining (SANPOWER), 4, 100, 70","HM02, GENERAL","SANPOWER, GENERAL","17, 9.58438, 193, 49.66, 100, 70",,False,43.0,25.4,17.6,40.93
ABB429,ABB448,CRITICAL,CRITICAL,"110, 80, 154, 120, 70, Ready for Machining (HM02), 2, 9.58438, 193, 60, 40, 140, 49.66, 1, 4, 17, 130","110, 80, Ready for Machining (HM10), 154, 50, 9.58438, 193, 60, 49.66, 4, 17","HM02, GENERAL","HM10, GENERAL","154, 110, 80, 9.58438, 193, 60, 49.66, 4, 17",,False,58.5,35.1,23.4,40.0
ABB436,ARE255,CRITICAL,CRITICAL,"110, 80, 154, 17, 9.58438, 193, 49.66, 2, Ready for Machining (HM01), 100","110, 80, 154, 2, Ready for Machining (HM02), 50, 9.58438, 193, 60, 49.66, 10, 4, 17, 70","GENERAL, HM01","HM02, GENERAL","154, 110, 80, 9.58438, 193, 49.66, 2, 17",,False,573.0,345.0,228.0,39.79
ABB436,ARE330,CRITICAL,CRITICAL,"110, 80, 154, 17, 9.58438, 193, 49.66, 2, Ready for Machining (HM01), 100","110, 80, 154, 2, Ready for Machining (HM05), 9.58438, 193, 60, 40, 140, 49.66, 1, 4, 17, 70","GENERAL, HM01","HM05, GENERAL","154, 110, 80, 9.58438, 193, 49.66, 2, 17",,False,573.0,345.0,228.0,39.79
ABB436,HYO025,CRITICAL,CRITICAL,"110, 80, 154, 17, 9.58438, 193, 49.66, 2, Ready for Machining (HM01), 100","4, 110, 80, 154, Ready for Machining (OUT-DYNO), 17, 2, 50, 9.58438, 193, 60, 40, 49.66, 20, 1, 100, 70","GENERAL, HM01","OUT-DYNO, GENERAL","154, 110, 80, 17, 9.58438, 193, 49.66, 2, 100",,False,573.0,345.0,228.0,39.79
ABB436,HYO026,CRITICAL,CRITICAL,"110, 80, 154, 17, 9.58438, 193, 49.66, 2, Ready for Machining (HM01), 100","100, 4, 154, 17, Ready for Machining (OUT-DYNO), 30, 50, 2, 9.58438, 193, 60, 49.66, 1, 20, 70","GENERAL, HM01","OUT-DYNO, GENERAL","154, 17, 9.58438, 193, 49.66, 2, 100",,False,573.0,345.0,228.0,39.79
ABB373,SIE469,CRITICAL,CRITICAL,"100, 110, 80, 30, 50, 70, 60, 40, 140, 20, Ready for Machining (HM01), 90, 130","110, 80, 154, 17, 70, 2, 9.58438, 193, 60, 40, 49.66, 4, 90, Ready for Machining (OUT-EAGLE)","GENERAL, HM01","OUT-EAGLE, GENERAL","110, 80, 60, 40, 90, 70",,False,432.0,264.0,168.0,38.89
ABB439,ABB456,CRITICAL,CRITICAL,"100, 154, Ready for Machining (HM02), 9.58438, 193, 49.66, 17, 70","Ready for Machining (HM07), 110, 80, 154, 2, 50, 9.58438, 193, 60, 40, 49.66, 4, 17, 70","HM02, GENERAL","GENERAL, HM07","154, 9.58438, 193, 49.66, 17, 70",,False,46.9,29.3,17.6,37.53
ABB402,ABB448,CRITICAL,CRITICAL,"Ready for Machining (OUT-DYNO), 9.58438, 193, 49.66, 2, 70","110, 80, Ready for Machining (HM10), 154, 50, 9.58438, 193, 60, 49.66, 4, 17","OUT-DYNO, GENERAL","HM10, GENERAL","49.66, 9.58438, 193",,False,37.1,23.4,13.7,36.93
ABB402,ABB435,CRITICAL,CRITICAL,"Ready for Machining (OUT-DYNO), 9.58438, 193, 49.66, 2, 70","Ready for Machining (HM07), 110, 80, 154, 2, 9.58438, 193, 60, 49.66, 4, 17, 70","OUT-DYNO, GENERAL","GENERAL, HM07","9.58438, 193, 49.66, 2, 70",,False,39.1,25.4,13.7,35.04
ABB402,ABB457,CRITICAL,CRITICAL,"Ready for Machining (OUT-DYNO), 9.58438, 193, 49.66, 2, 70","110, 90, 17, 2, 9.58438, 193, 40, 49.66, Ready for Machining (SANPOWER), 4, 100, 70","OUT-DYNO, GENERAL","SANPOWER, GENERAL","9.58438, 193, 49.66, 2, 70",,False,39.1,25.4,13.7,35.04
TOS013,SIE469,CRITICAL,CRITICAL,"4, 154, 80, Ready for Machining (OUT-DYNO), 30, 50, 2, 9.58438, 193, 60, 49.66, 1, 20, 70","110, 80, 154, 17, 70, 2, 9.58438, 193, 60, 40, 49.66, 4, 90, Ready for Machining (OUT-EAGLE)","OUT-DYNO, GENERAL","OUT-EAGLE, GENERAL","154, 80, 2, 9.58438, 193, 60, 49.66, 4, 70",,False,483.0,315.0,168.0,34.78
ABB429,ABB439,CRITICAL,CRITICAL,"110, 80, 154, 120, 70, Ready for Machining (HM02), 2, 9.58438, 193, 60, 40, 140, 49.66, 1, 4, 17, 130","100, 154, Ready for Machining (HM02), 9.58438, 193, 49.66, 17, 70","HM02, GENERAL","HM02, GENERAL","154, Ready for Machining (HM02), 9.58438, 193, 49.66, 17, 70","HM02, GENERAL",False,52.7,35.1,17.6,33.4
ABB436,SIE469,CRITICAL,CRITICAL,"110, 80, 154, 17, 9.58438, 193, 49.66, 2, Ready for Machining (HM01), 100","110, 80, 154, 17, 70, 2, 9.58438, 193, 60, 40, 49.66, 4, 90, Ready for Machining (OUT-EAGLE)","GENERAL, HM01","OUT-EAGLE, GENERAL","154, 110, 80, 9.58438, 193, 49.66, 2, 17",,False,513.0,345.0,168.0,32.75
ABB402,ABB456,CRITICAL,CRITICAL,"Ready for Machining (OUT-DYNO), 9.58438, 193, 49.66, 2, 70","Ready for Machining (HM07), 110, 80, 154, 2, 50, 9.58438, 193, 60, 40, 49.66, 4, 17, 70","OUT-DYNO, GENERAL","GENERAL, HM07","9.58438, 193, 49.66, 2, 70",,False,43.0,29.3,13.7,31.86
ABB402,ABB429,CRITICAL,CRITICAL,"Ready for Machining (OUT-DYNO), 9.58438, 193, 49.66, 2, 70","110, 80, 154, 120, 70, Ready for Machining (HM02), 2, 9.58438, 193, 60, 40, 140, 49.66, 1, 4, 17, 130","OUT-DYNO, GENERAL","HM02, GENERAL","9.58438, 193, 49.66, 2, 70",,False,48.8,35.1,13.7,28.07
ABB401,ABB402,CRITICAL,CRITICAL,Ready for Machining (OUT-DYNO),"Ready for Machining (OUT-DYNO), 9.58438, 193, 49.66, 2, 70",OUT-DYNO,"OUT-DYNO, GENERAL",Ready for Machining (OUT-DYNO),OUT-DYNO,False,17.7,13.7,4.0,22.6
ABB402,ABB405,CRITICAL,CRITICAL,"Ready for Machining (OUT-DYNO), 9.58438, 193, 49.66, 2, 70",Ready for Machining (OUT-DYNO),"OUT-DYNO, GENERAL",OUT-DYNO,Ready for Machining (OUT-DYNO),OUT-DYNO,False,17.7,13.7,4.0,22.6
SIE469,ABB429,CRITICAL,CRITICAL,"110, 80, 154, 17, 70, 2, 9.58438, 193, 60, 40, 49.66, 4, 90, Ready for Machining (OUT-EAGLE)","110, 80, 154, 120, 70, Ready for Machining (HM02), 2, 9.58438, 193, 60, 40, 140, 49.66, 1, 4, 17, 130","OUT-EAGLE, GENERAL","HM02, GENERAL","154, 110, 80, 2, 9.58438, 193, 60, 40, 49.66, 4, 17, 70",,False,203.1,168.0,35.1,17.28
SIE469,ABB456,CRITICAL,CRITICAL,"110, 80, 154, 17, 70, 2, 9.58438, 193, 60, 40, 49.66, 4, 90, Ready for Machining (OUT-EAGLE)","Ready for Machining (HM07), 110, 80, 154, 2, 50, 9.58438, 193, 60, 40, 49.66, 4, 17, 70","OUT-EAGLE, GENERAL","GENERAL, HM07","154, 110, 80, 2, 9.58438, 193, 60, 40, 49.66, 4, 17, 70",,False,197.3,168.0,29.3,14.85
ABB420,ABB448,CRITICAL,CRITICAL,Ready for Machining (HM10),"110, 80, Ready for Machining (HM10), 154, 50, 9.58438, 193, 60, 49.66, 4, 17",HM10,"HM10, GENERAL",Ready for Machining (HM10),HM10,False,27.4,23.4,4.0,14.6
ABB435,ABB447,CRITICAL,CRITICAL,"Ready for Machining (HM07), 110, 80, 154, 2, 9.58438, 193, 60, 49.66, 4, 17, 70",Ready for Machining (HM07),"GENERAL, HM07",HM07,Ready for Machining (HM07),HM07,False,29.4,25.4,4.0,13.61
ARE255,ABB429,CRITICAL,CRITICAL,"110, 80, 154, 2, Ready for Machining (HM02), 50, 9.58438, 193, 60, 49.66, 10, 4, 17, 70","110, 80, 154, 120, 70, Ready for Machining (HM02), 2, 9.58438, 193, 60, 40, 140, 49.66, 1, 4, 17, 130","HM02, GENERAL","HM02, GENERAL","154, 110, 80, 2, Ready for Machining (HM02), 9.58438, 193, 60, 49.66, 4, 17, 70","HM02, GENERAL",False,263.1,228.0,35.1,13.34
ARE330,ABB429,CRITICAL,CRITICAL,"110, 80, 154, 2, Ready for Machining (HM05), 9.58438, 193, 60, 40, 140, 49.66, 1, 4, 17, 70","110, 80, 154, 120, 70, Ready for Machining (HM02), 2, 9.58438, 193, 60, 40, 140, 49.66, 1, 4, 17, 130","HM05, GENERAL","HM02, GENERAL","154, 110, 80, 2, 9.58438, 193, 60, 40, 140, 49.66, 1, 4, 17, 70",,False,263.1,228.0,35.1,13.34
HYO025,ABB429,CRITICAL,CRITICAL,"4, 110, 80, 154, Ready for Machining (OUT-DYNO), 17, 2, 50, 9.58438, 193, 60, 40, 49.66, 20, 1, 100, 70","110, 80, 154, 120, 70, Ready for Machining (HM02), 2, 9.58438, 193, 60, 40, 140, 49.66, 1, 4, 17, 130","OUT-DYNO, GENERAL","HM02, GENERAL","154, 110, 80, 2, 70, 9.58438, 193, 60, 40, 49.66, 4, 17, 1",,False,263.1,228.0,35.1,13.34
HYO026,ABB429,CRITICAL,CRITICAL,"100, 4, 154, 17, Ready for Machining (OUT-DYNO), 30, 50, 2, 9.58438, 193, 60, 49.66, 1, 20, 70","110, 80, 154, 120, 70, Ready for Machining (HM02), 2, 9.58438, 193, 60, 40, 140, 49.66, 1, 4, 17, 130","OUT-DYNO, GENERAL","HM02, GENERAL","4, 154, 9.58438, 193, 60, 49.66, 1, 2, 17, 70",,False,263.1,228.0,35.1,13.34
SIE469,ABB435,CRITICAL,CRITICAL,"110, 80, 154, 17, 70, 2, 9.58438, 193, 60, 40, 49.66, 4, 90, Ready for Machining (OUT-EAGLE)","Ready for Machining (HM07), 110, 80, 154, 2, 9.58438, 193, 60, 49.66, 4, 17, 70","OUT-EAGLE, GENERAL","GENERAL, HM07","154, 110, 80, 2, 9.58438, 193, 60, 49.66, 4, 17, 70",,False,193.4,168.0,25.4,13.13
SIE469,ABB457,CRITICAL,CRITICAL,"110, 80, 154, 17, 70, 2, 9.58438, 193, 60, 40, 49.66, 4, 90, Ready for Machining (OUT-EAGLE)","110, 90, 17, 2, 9.58438, 193, 40, 49.66, Ready for Machining (SANPOWER), 4, 100, 70","OUT-EAGLE, GENERAL","SANPOWER, GENERAL","110, 17, 2, 9.58438, 193, 40, 49.66, 4, 90, 70",,False,193.4,168.0,25.4,13.13
SIE469,ABB448,CRITICAL,CRITICAL,"110, 80, 154, 17, 70, 2, 9.58438, 193, 60, 40, 49.66, 4, 90, Ready for Machining (OUT-EAGLE)","110, 80, Ready for Machining (HM10), 154, 50, 9.58438, 193, 60, 49.66, 4, 17","OUT-EAGLE, GENERAL","HM10, GENERAL","154, 110, 80, 9.58438, 193, 60, 49.66, 4, 17",,False,191.4,168.0,23.4,12.23
ABB447,ABB456,CRITICAL,CRITICAL,Ready for Machining (HM07),"Ready for Machining (HM07), 110, 80, 154, 2, 50, 9.58438, 193, 60, 40, 49.66, 4, 17, 70",HM07,"GENERAL, HM07",Ready for Machining (HM07),HM07,False,33.3,29.3,4.0,12.01
ABB373,ABB429,CRITICAL,CRITICAL,"100, 110, 80, 30, 50, 70, 60, 40, 140, 20, Ready for Machining (HM01), 90, 130","110, 80, 154, 120, 70, Ready for Machining (HM02), 2, 9.58438, 193, 60, 40, 140, 49.66, 1, 4, 17, 130","GENERAL, HM01","HM02, GENERAL","110, 80, 70, 60, 40, 140, 130",,False,299.1,264.0,35.1,11.74
ARE255,ABB456,CRITICAL,CRITICAL,"110, 80, 154, 2, Ready for Machining (HM02), 50, 9.58438, 193, 60, 49.66, 10, 4, 17, 70","Ready for Machining (HM07), 110, 80, 154, 2, 50, 9.58438, 193, 60, 40, 49.66, 4, 17, 70","HM02, GENERAL","GENERAL, HM07","154, 110, 80, 2, 50, 9.58438, 193, 60, 49.66, 4, 17, 70",,False,257.3,228.0,29.3,11.39
ARE330,ABB456,CRITICAL,CRITICAL,"110, 80, 154, 2, Ready for Machining (HM05), 9.58438, 193, 60, 40, 140, 49.66, 1, 4, 17, 70","Ready for Machining (HM07), 110, 80, 154, 2, 50, 9.58438, 193, 60, 40, 49.66, 4, 17, 70","HM05, GENERAL","GENERAL, HM07","154, 110, 80, 2, 9.58438, 193, 60, 40, 49.66, 4, 17, 70",,False,257.3,228.0,29.3,11.39
HYO025,ABB456,CRITICAL,CRITICAL,"4, 110, 80, 154, Ready for Machining (OUT-DYNO), 17, 2, 50, 9.58438, 193, 60, 40, 49.66, 20, 1, 100, 70","Ready for Machining (HM07), 110, 80, 154, 2, 50, 9.58438, 193, 60, 40, 49.66, 4, 17, 70","OUT-DYNO, GENERAL","GENERAL, HM07","154, 110, 80, 2, 50, 9.58438, 193, 60, 40, 49.66, 4, 17, 70",,False,257.3,228.0,29.3,11.39
HYO026,ABB456,CRITICAL,CRITICAL,"100, 4, 154, 17, Ready for Machining (OUT-DYNO), 30, 50, 2, 9.58438, 193, 60, 49.66, 1, 20, 70","Ready for Machining (HM07), 110, 80, 154, 2, 50, 9.58438, 193, 60, 40, 49.66, 4, 17, 70","OUT-DYNO, GENERAL","GENERAL, HM07","154, 2, 50, 9.58438, 193, 60, 49.66, 4, 17, 70",,False,257.3,228.0,29.3,11.39
TOS013,ABB429,CRITICAL,CRITICAL,"4, 154, 80, Ready for Machining (OUT-DYNO), 30, 50, 2, 9.58438, 193, 60, 49.66, 1, 20, 70","110, 80, 154, 120, 70, Ready for Machining (HM02), 2, 9.58438, 193, 60, 40, 140, 49.66, 1, 4, 17, 130","OUT-DYNO, GENERAL","HM02, GENERAL","4, 154, 80, 9.58438, 193, 60, 49.66, 1, 2, 70",,False,350.1,315.0,35.1,10.03
ARE255,ABB435,CRITICAL,CRITICAL,"110, 80, 154, 2, Ready for Machining (HM02), 50, 9.58438, 193, 60, 49.66, 10, 4, 17, 70","Ready for Machining (HM07), 110, 80, 154, 2, 9.58438, 193, 60, 49.66, 4, 17, 70","HM02, GENERAL","GENERAL, HM07","154, 110, 80, 2, 9.58438, 193, 60, 49.66, 4, 17, 70",,False,253.4,228.0,25.4,10.02
ARE255,ABB457,CRITICAL,CRITICAL,"110, 80, 154, 2, Ready for Machining (HM02), 50, 9.58438, 193, 60, 49.66, 10, 4, 17, 70","110, 90, 17, 2, 9.58438, 193, 40, 49.66, Ready for Machining (SANPOWER), 4, 100, 70","HM02, GENERAL","SANPOWER, GENERAL","110, 2, 9.58438, 193, 49.66, 4, 17, 70",,False,253.4,228.0,25.4,10.02
ARE330,ABB435,CRITICAL,CRITICAL,"110, 80, 154, 2, Ready for Machining (HM05), 9.58438, 193, 60, 40, 140, 49.66, 1, 4, 17, 70","Ready for Machining (HM07), 110, 80, 154, 2, 9.58438, 193, 60, 49.66, 4, 17, 70","HM05, GENERAL","GENERAL, HM07","154, 110, 80, 2, 9.58438, 193, 60, 49.66, 4, 17, 70",,False,253.4,228.0,25.4,10.02
ARE330,ABB457,CRITICAL,CRITICAL,"110, 80, 154, 2, Ready for Machining (HM05), 9.58438, 193, 60, 40, 140, 49.66, 1, 4, 17, 70","110, 90, 17, 2, 9.58438, 193, 40, 49.66, Ready for Machining (SANPOWER), 4, 100, 70","HM05, GENERAL","SANPOWER, GENERAL","110, 2, 9.58438, 193, 40, 49.66, 4, 17, 70",,False,253.4,228.0,25.4,10.02
HYO025,ABB435,CRITICAL,CRITICAL,"4, 110, 80, 154, Ready for Machining (OUT-DYNO), 17, 2, 50, 9.58438, 193, 60, 40, 49.66, 20, 1, 100, 70","Ready for Machining (HM07), 110, 80, 154, 2, 9.58438, 193, 60, 49.66, 4, 17, 70","OUT-DYNO, GENERAL","GENERAL, HM07","154, 110, 80, 2, 9.58438, 193, 60, 49.66, 4, 17, 70",,False,253.4,228.0,25.4,10.02
HYO025,ABB457,CRITICAL,CRITICAL,"4, 110, 80, 154, Ready for Machining (OUT-DYNO), 17, 2, 50, 9.58438, 193, 60, 40, 49.66, 20, 1, 100, 70","110, 90, 17, 2, 9.58438, 193, 40, 49.66, Ready for Machining (SANPOWER), 4, 100, 70","OUT-DYNO, GENERAL","SANPOWER, GENERAL","110, 17, 2, 9.58438, 193, 40, 49.66, 4, 100, 70",,False,253.4,228.0,25.4,10.02
HYO026,ABB435,CRITICAL,CRITICAL,"100, 4, 154, 17, Ready for Machining (OUT-DYNO), 30, 50, 2, 9.58438, 193, 60, 49.66, 1, 20, 70","Ready for Machining (HM07), 110, 80, 154, 2, 9.58438, 193, 60, 49.66, 4, 17, 70","OUT-DYNO, GENERAL","GENERAL, HM07","154, 2, 9.58438, 193, 60, 49.66, 4, 17, 70",,False,253.4,228.0,25.4,10.02
HYO026,ABB457,CRITICAL,CRITICAL,"100, 4, 154, 17, Ready for Machining (OUT-DYNO), 30, 50, 2, 9.58438, 193, 60, 49.66, 1, 20, 70","110, 90, 17, 2, 9.58438, 193, 40, 49.66, Ready for Machining (SANPOWER), 4, 100, 70","OUT-DYNO, GENERAL","SANPOWER, GENERAL","17, 2, 9.58438, 193, 49.66, 4, 100, 70",,False,253.4,228.0,25.4,10.02
ABB373,ABB456,CRITICAL,CRITICAL,"100, 110, 80, 30, 50, 70, 60, 40, 140, 20, Ready for Machining (HM01), 90, 130","Ready for Machining (HM07), 110, 80, 154, 2, 50, 9.58438, 193, 60, 40, 49.66, 4, 17, 70","GENERAL, HM01","GENERAL, HM07","110, 80, 50, 60, 40, 70",,False,293.3,264.0,29.3,9.99
SIE469,ABB439,CRITICAL,CRITICAL,"110, 80, 154, 17, 70, 2, 9.58438, 193, 60, 40, 49.66, 4, 90, Ready for Machining (OUT-EAGLE)","100, 154, Ready for Machining (HM02), 9.58438, 193, 49.66, 17, 70","OUT-EAGLE, GENERAL","HM02, GENERAL","154, 9.58438, 193, 49.66, 17, 70",,False,185.6,168.0,17.6,9.48
ARE255,ABB448,CRITICAL,CRITICAL,"110, 80, 154, 2, Ready for Machining (HM02), 50, 9.58438, 193, 60, 49.66, 10, 4, 17, 70","110, 80, Ready for Machining (HM10), 154, 50, 9.58438, 193, 60, 49.66, 4, 17","HM02, GENERAL","HM10, GENERAL","154, 110, 80, 50, 9.58438, 193, 60, 49.66, 4, 17",,False,251.4,228.0,23.4,9.31
ARE330,ABB448,CRITICAL,CRITICAL,"110, 80, 154, 2, Ready for Machining (HM05), 9.58438, 193, 60, 40, 140, 49.66, 1, 4, 17, 70","110, 80, Ready for Machining (HM10), 154, 50, 9.58438, 193, 60, 49.66, 4, 17","HM05, GENERAL","HM10, GENERAL","154, 110, 80, 9.58438, 193, 60, 49.66, 4, 17",,False,251.4,228.0,23.4,9.31
HYO025,ABB448,CRITICAL,CRITICAL,"4, 110, 80, 154, Ready for Machining (OUT-DYNO), 17, 2, 50, 9.58438, 193, 60, 40, 49.66, 20, 1, 100, 70","110, 80, Ready for Machining (HM10), 154, 50, 9.58438, 193, 60, 49.66, 4, 17","OUT-DYNO, GENERAL","HM10, GENERAL","154, 110, 80, 50, 9.58438, 193, 60, 49.66, 4, 17",,False,251.4,228.0,23.4,9.31
HYO026,ABB448,CRITICAL,CRITICAL,"100, 4, 154, 17, Ready for Machining (OUT-DYNO), 30, 50, 2, 9.58438, 193, 60, 49.66, 1, 20, 70","110, 80, Ready for Machining (HM10), 154, 50, 9.58438, 193, 60, 49.66, 4, 17","OUT-DYNO, GENERAL","HM10, GENERAL","154, 50, 9.58438, 193, 60, 49.66, 4, 17",,False,251.4,228.0,23.4,9.31
ABB436,ABB429,CRITICAL,CRITICAL,"110, 80, 154, 17, 9.58438, 193, 49.66, 2, Ready for Machining (HM01), 100","110, 80, 154, 120, 70, Ready for Machining (HM02), 2, 9.58438, 193, 60, 40, 140, 49.66, 1, 4, 17, 130","GENERAL, HM01","HM02, GENERAL","154, 110, 80, 9.58438, 193, 49.66, 2, 17",,False,380.1,345.0,35.1,9.23
ABB373,ABB435,CRITICAL,CRITICAL,"100, 110, 80, 30, 50, 70, 60, 40, 140, 20, Ready for Machining (HM01), 90, 130","Ready for Machining (HM07), 110, 80, 154, 2, 9.58438, 193, 60, 49.66, 4, 17, 70","GENERAL, HM01","GENERAL, HM07","70, 110, 80, 60",,False,289.4,264.0,25.4,8.78
ABB373,ABB457,CRITICAL,CRITICAL,"100, 110, 80, 30, 50, 70, 60, 40, 140, 20, Ready for Machining (HM01), 90, 130","110, 90, 17, 2, 9.58438, 193, 40, 49.66, Ready for Machining (SANPOWER), 4, 100, 70","GENERAL, HM01","SANPOWER, GENERAL","100, 110, 40, 90, 70",,False,289.4,264.0,25.4,8.78
TOS013,ABB456,CRITICAL,CRITICAL,"4, 154, 80, Ready for Machining (OUT-DYNO), 30, 50, 2, 9.58438, 193, 60, 49.66, 1, 20, 70","Ready for Machining (HM07), 110, 80, 154, 2, 50, 9.58438, 193, 60, 40, 49.66, 4, 17, 70","OUT-DYNO, GENERAL","GENERAL, HM07","154, 80, 2, 50, 9.58438, 193, 60, 49.66, 4, 70",,False,344.3,315.0,29.3,8.51
ABB373,ABB448,CRITICAL,CRITICAL,"100, 110, 80, 30, 50, 70, 60, 40, 140, 20, Ready for Machining (HM01), 90, 130","110, 80, Ready for Machining (HM10), 154, 50, 9.58438, 193, 60, 49.66, 4, 17","GENERAL, HM01","HM10, GENERAL","50, 110, 80, 60",,False,287.4,264.0,23.4,8.14
ABB436,ABB456,CRITICAL,CRITICAL,"110, 80, 154, 17, 9.58438, 193, 49.66, 2, Ready for Machining (HM01), 100","Ready for Machining (HM07), 110, 80, 154, 2, 50, 9.58438, 193, 60, 40, 49.66, 4, 17, 70","GENERAL, HM01","GENERAL, HM07","154, 110, 80, 9.58438, 193, 49.66, 2, 17",,False,374.3,345.0,29.3,7.83
SIE469,ABB402,CRITICAL,CRITICAL,"110, 80, 154, 17, 70, 2, 9.58438, 193, 60, 40, 49.66, 4, 90, Ready for Machining (OUT-EAGLE)","Ready for Machining (OUT-DYNO), 9.58438, 193, 49.66, 2, 70","OUT-EAGLE, GENERAL","OUT-DYNO, GENERAL","9.58438, 193, 49.66, 2, 70",,False,181.7,168.0,13.7,7.54
TOS013,ABB435,CRITICAL,CRITICAL,"4, 154, 80, Ready for Machining (OUT-DYNO), 30, 50, 2, 9.58438, 193, 60, 49.66, 1, 20, 70","Ready for Machining (HM07), 110, 80, 154, 2, 9.58438, 193, 60, 49.66, 4, 17, 70","OUT-DYNO, GENERAL","GENERAL, HM07","154, 80, 2, 9.58438, 193, 60, 49.66, 4, 70",,False,340.4,315.0,25.4,7.46
TOS013,ABB457,CRITICAL,CRITICAL,"4, 154, 80, Ready for Machining (OUT-DYNO), 30, 50, 2, 9.58438, 193, 60, 49.66, 1, 20, 70","110, 90, 17, 2, 9.58438, 193, 40, 49.66, Ready for Machining (SANPOWER), 4, 100, 70","OUT-DYNO, GENERAL","SANPOWER, GENERAL","4, 9.58438, 193, 49.66, 2, 70",,False,340.4,315.0,25.4,7.46
ARE255,ABB439,CRITICAL,CRITICAL,"110, 80, 154, 2, Ready for Machining (HM02), 50, 9.58438, 193, 60, 49.66, 10, 4, 17, 70","100, 154, Ready for Machining (HM02), 9.58438, 193, 49.66, 17, 70","HM02, GENERAL","HM02, GENERAL","154, Ready for Machining (HM02), 9.58438, 193, 49.66, 17, 70","HM02, GENERAL",False,245.6,228.0,17.6,7.17
ARE330,ABB439,CRITICAL,CRITICAL,"110, 80, 154, 2, Ready for Machining (HM05), 9.58438, 193, 60, 40, 140, 49.66, 1, 4, 17, 70","100, 154, Ready for Machining (HM02), 9.58438, 193, 49.66, 17, 70","HM05, GENERAL","HM02, GENERAL","154, 9.58438, 193, 49.66, 17, 70",,False,245.6,228.0,17.6,7.17
HYO025,ABB439,CRITICAL,CRITICAL,"4, 110, 80, 154, Ready for Machining (OUT-DYNO), 17, 2, 50, 9.58438, 193, 60, 40, 49.66, 20, 1, 100, 70","100, 154, Ready for Machining (HM02), 9.58438, 193, 49.66, 17, 70","OUT-DYNO, GENERAL","HM02, GENERAL","100, 154, 9.58438, 193, 49.66, 17, 70",,False,245.6,228.0,17.6,7.17
HYO026,ABB439,CRITICAL,CRITICAL,"100, 4, 154, 17, Ready for Machining (OUT-DYNO), 30, 50, 2, 9.58438, 193, 60, 49.66, 1, 20, 70","100, 154, Ready for Machining (HM02), 9.58438, 193, 49.66, 17, 70","OUT-DYNO, GENERAL","HM02, GENERAL","100, 154, 9.58438, 193, 49.66, 17, 70",,False,245.6,228.0,17.6,7.17
TOS013,ABB448,CRITICAL,CRITICAL,"4, 154, 80, Ready for Machining (OUT-DYNO), 30, 50, 2, 9.58438, 193, 60, 49.66, 1, 20, 70","110, 80, Ready for Machining (HM10), 154, 50, 9.58438, 193, 60, 49.66, 4, 17","OUT-DYNO, GENERAL","HM10, GENERAL","154, 80, 50, 9.58438, 193, 60, 49.66, 4",,False,338.4,315.0,23.4,6.91
ABB436,ABB435,CRITICAL,CRITICAL,"110, 80, 154, 17, 9.58438, 193, 49.66, 2, Ready for Machining (HM01), 100","Ready for Machining (HM07), 110, 80, 154, 2, 9.58438, 193, 60, 49.66, 4, 17, 70","GENERAL, HM01","GENERAL, HM07","154, 110, 80, 9.58438, 193, 49.66, 2, 17",,False,370.4,345.0,25.4,6.86
ABB436,ABB457,CRITICAL,CRITICAL,"110, 80, 154, 17, 9.58438, 193, 49.66, 2, Ready for Machining (HM01), 100","110, 90, 17, 2, 9.58438, 193, 40, 49.66, Ready for Machining (SANPOWER), 4, 100, 70","GENERAL, HM01","SANPOWER, GENERAL","110, 17, 9.58438, 193, 49.66, 2, 100",,False,370.4,345.0,25.4,6.86
ABB436,ABB448,CRITICAL,CRITICAL,"110, 80, 154, 17, 9.58438, 193, 49.66, 2, Ready for Machining (HM01), 100","110, 80, Ready for Machining (HM10), 154, 50, 9.58438, 193, 60, 49.66, 4, 17","GENERAL, HM01","HM10, GENERAL","154, 110, 80, 9.58438, 193, 49.66, 17",,False,368.4,345.0,23.4,6.35
ABB373,ABB439,CRITICAL,CRITICAL,"100, 110, 80, 30, 50, 70, 60, 40, 140, 20, Ready for Machining (HM01), 90, 130","100, 154, Ready for Machining (HM02), 9.58438, 193, 49.66, 17, 70","GENERAL, HM01","HM02, GENERAL","100, 70",,False,281.6,264.0,17.6,6.25
ARE255,ABB402,CRITICAL,CRITICAL,"110, 80, 154, 2, Ready for Machining (HM02), 50, 9.58438, 193, 60, 49.66, 10, 4, 17, 70","Ready for Machining (OUT-DYNO), 9.58438, 193, 49.66, 2, 70","HM02, GENERAL","OUT-DYNO, GENERAL","9.58438, 193, 49.66, 2, 70",,False,241.7,228.0,13.7,5.67
ARE330,ABB402,CRITICAL,CRITICAL,"110, 80, 154, 2, Ready for Machining (HM05), 9.58438, 193, 60, 40, 140, 49.66, 1, 4, 17, 70","Ready for Machining (OUT-DYNO), 9.58438, 193, 49.66, 2, 70","HM05, GENERAL","OUT-DYNO, GENERAL","9.58438, 193, 49.66, 2, 70",,False,241.7,228.0,13.7,5.67
HYO025,ABB402,CRITICAL,CRITICAL,"4, 110, 80, 154, Ready for Machining (OUT-DYNO), 17, 2, 50, 9.58438, 193, 60, 40, 49.66, 20, 1, 100, 70","Ready for Machining (OUT-DYNO), 9.58438, 193, 49.66, 2, 70","OUT-DYNO, GENERAL","OUT-DYNO, GENERAL","Ready for Machining (OUT-DYNO), 9.58438, 193, 49.66, 2, 70","OUT-DYNO, GENERAL",False,241.7,228.0,13.7,5.67
HYO026,ABB402,CRITICAL,CRITICAL,"100, 4, 154, 17, Ready for Machining (OUT-DYNO), 30, 50, 2, 9.58438, 193, 60, 49.66, 1, 20, 70","Ready for Machining (OUT-DYNO), 9.58438, 193, 49.66, 2, 70","OUT-DYNO, GENERAL","OUT-DYNO, GENERAL","Ready for Machining (OUT-DYNO), 9.58438, 193, 49.66, 2, 70","OUT-DYNO, GENERAL",False,241.7,228.0,13.7,5.67
TOS013,ABB439,CRITICAL,CRITICAL,"4, 154, 80, Ready for Machining (OUT-DYNO), 30, 50, 2, 9.58438, 193, 60, 49.66, 1, 20, 70","100, 154, Ready for Machining (HM02), 9.58438, 193, 49.66, 17, 70","OUT-DYNO, GENERAL","HM02, GENERAL","154, 9.58438, 193, 49.66, 70",,False,332.6,315.0,17.6,5.29
ABB373,ABB402,CRITICAL,CRITICAL,"100, 110, 80, 30, 50, 70, 60, 40, 140, 20, Ready for Machining (HM01), 90, 130","Ready for Machining (OUT-DYNO), 9.58438, 193, 49.66, 2, 70","GENERAL, HM01","OUT-DYNO, GENERAL",70,,False,277.7,264.0,13.7,4.93
ABB436,ABB439,CRITICAL,CRITICAL,"110, 80, 154, 17, 9.58438, 193, 49.66, 2, Ready for Machining (HM01), 100","100, 154, Ready for Machining (HM02), 9.58438, 193, 49.66, 17, 70","GENERAL, HM01","HM02, GENERAL","100, 154, 9.58438, 193, 49.66, 17",,False,362.6,345.0,17.6,4.85
TOS013,ABB402,CRITICAL,CRITICAL,"4, 154, 80, Ready for Machining (OUT-DYNO), 30, 50, 2, 9.58438, 193, 60, 49.66, 1, 20, 70","Ready for Machining (OUT-DYNO), 9.58438, 193, 49.66, 2, 70","OUT-DYNO, GENERAL","OUT-DYNO, GENERAL","Ready for Machining (OUT-DYNO), 9.58438, 193, 49.66, 2, 70","OUT-DYNO, GENERAL",False,328.7,315.0,13.7,4.17
ABB436,ABB402,CRITICAL,CRITICAL,"110, 80, 154, 17, 9.58438, 193, 49.66, 2, Ready for Machining (HM01), 100","Ready for Machining (OUT-DYNO), 9.58438, 193, 49.66, 2, 70","GENERAL, HM01","OUT-DYNO, GENERAL","49.66, 9.58438, 2, 193",,False,358.7,345.0,13.7,3.82
SIE469,ABB449,CRITICAL,CRITICAL,"110, 80, 154, 17, 70, 2, 9.58438, 193, 60, 40, 49.66, 4, 90, Ready for Machining (OUT-EAGLE)",Ready for Machining (OUT-EAGLE),"OUT-EAGLE, GENERAL",OUT-EAGLE,Ready for Machining (OUT-EAGLE),OUT-EAGLE,False,172.0,168.0,4.0,2.33
HYO025,ABB401,CRITICAL,CRITICAL,"4, 110, 80, 154, Ready for Machining (OUT-DYNO), 17, 2, 50, 9.58438, 193, 60, 40, 49.66, 20, 1, 100, 70",Ready for Machining (OUT-DYNO),"OUT-DYNO, GENERAL",OUT-DYNO,Ready for Machining (OUT-DYNO),OUT-DYNO,False,232.0,228.0,4.0,1.72
HYO025,ABB405,CRITICAL,CRITICAL,"4, 110, 80, 154, Ready for Machining (OUT-DYNO), 17, 2, 50, 9.58438, 193, 60, 40, 49.66, 20, 1, 100, 70",Ready for Machining (OUT-DYNO),"OUT-DYNO, GENERAL",OUT-DYNO,Ready for Machining (OUT-DYNO),OUT-DYNO,False,232.0,228.0,4.0,1.72
HYO026,ABB401,CRITICAL,CRITICAL,"100, 4, 154, 17, Ready for Machining (OUT-DYNO), 30, 50, 2, 9.58438, 193, 60, 49.66, 1, 20, 70",Ready for Machining (OUT-DYNO),"OUT-DYNO, GENERAL",OUT-DYNO,Ready for Machining (OUT-DYNO),OUT-DYNO,False,232.0,228.0,4.0,1.72
HYO026,ABB405,CRITICAL,CRITICAL,"100, 4, 154, 17, Ready for Machining (OUT-DYNO), 30, 50, 2, 9.58438, 193, 60, 49.66, 1, 20, 70",Ready for Machining (OUT-DYNO),"OUT-DYNO, GENERAL",OUT-DYNO,Ready for Machining (OUT-DYNO),OUT-DYNO,False,232.0,228.0,4.0,1.72
TOS013,ABB401,CRITICAL,CRITICAL,"4, 154, 80, Ready for Machining (OUT-DYNO), 30, 50, 2, 9.58438, 193, 60, 49.66, 1, 20, 70",Ready for Machining (OUT-DYNO),"OUT-DYNO, GENERAL",OUT-DYNO,Ready for Machining (OUT-DYNO),OUT-DYNO,False,319.0,315.0,4.0,1.25
TOS013,ABB405,CRITICAL,CRITICAL,"4, 154, 80, Ready for Machining (OUT-DYNO), 30, 50, 2, 9.58438, 193, 60, 49.66, 1, 20, 70",Ready for Machining (OUT-DYNO),"OUT-DYNO, GENERAL",OUT-DYNO,Ready for Machining (OUT-DYNO),OUT-DYNO,False,319.0,315.0,4.0,1.25
